video_id,count,clicks
v001,1,0
v005,1,0
v004,2,0
v012,1,0
v015,1,0
v010,2,0
v014,1,0
v013,1,0
v029,2,0
v026,3,0
v002,3,0
v003,1,0
v007,1,0
cv_97,3,0
v023,1,0
cv_4338,3,0
cv_5049,2,0
cv_5962,2,0
cv_40,1,0
cv_2988,2,0
cv_1295,2,0
cv_2179,2,0
cv_12273,2,0
cv_6838,2,0
cv_7178,1,0
cv_909,2,0
cv_19,2,0
cv_8934,1,0
cv_4371,2,0
cv_7263,2,0
cv_12270,1,0
cv_8854,1,0
cv_7177,1,0
cv_7891,1,0
cv_3684,1,0
cv_6785,1,0
cv_4019,2,0
cv_8984,1,0
cv_12180,2,0
cv_4800,2,0
cv_10797,2,0
cv_7921,1,0
cv_8933,1,0
cv_9568,1,0
cv_8997,1,0
cv_7907,1,0
cv_9072,1,0
cv_9019,1,0
cv_5610,2,0
cv_9051,2,0
cv_6827,2,0
cv_12204,2,0
cv_6864,3,0
cv_8980,1,0
cv_5674,2,0
cv_5672,2,0
cv_12278,1,0
cv_4360,2,0
cv_105,1,0
cv_10753,1,0
cv_1633,2,0
cv_3714,2,0
cv_12283,1,0
cv_8978,1,0
cv_1260,2,0
cv_9060,2,0
cv_817,3,0
v028,1,0
v056,1,0
cv_1533,2,0
cv_12207,1,0
v062,1,0
cv_815,1,0
v045,1,0
cv_10798,2,0
v043,1,0
cv_12287,2,0
cv_10768,2,0
cv_11187,1,0
cv_1187,2,0
cv_4292,1,0
cv_1189,1,0
cv_1210,2,0
cv_12501,2,0
cv_25,2,0
cv_12502,2,0
cv_12517,1,0
cv_12518,1,0
cv_12519,1,0
cv_12520,1,0
cv_12521,1,0
cv_12522,1,0
cv_12523,1,0
cv_12524,1,0
cv_12525,1,0
cv_12527,1,0
cv_12528,1,0
v050,1,0
cv_12529,1,0
cv_1706,2,0
cv_12530,1,0
cv_3864,2,0
cv_298,1,0
cv_12531,2,0
cv_9383,1,0
v021,1,0
cv_12532,1,0
cv_12533,1,0
cv_11713,1,0
cv_1258,1,0
cv_1259,2,0
cv_9242,2,0
cv_1262,2,0
cv_12329,3,0
cv_3033,2,0
cv_1263,2,0
cv_1264,2,0
cv_3047,2,0
cv_1266,2,0
cv_12117,1,0
cv_1273,1,0
cv_1685,2,0
cv_1275,2,0
cv_3034,2,0
cv_12795,1,0
cv_1714,1,0
cv_12816,1,0
cv_12817,1,0
cv_12819,1,0
cv_1561,1,0
cv_12842,1,0
cv_3836,2,0
cv_12843,1,0
cv_1569,2,0
cv_12844,1,0
cv_12845,1,0
cv_9380,1,0
cv_12846,1,0
cv_5641,2,0
cv_1290,1,0
cv_4507,1,0
cv_1291,1,0
cv_9257,2,0
cv_5624,1,0
cv_1292,1,0
cv_1296,2,0
cv_1297,1,0
cv_6425,2,0
cv_1298,2,0
cv_1299,2,0
cv_12318,2,0
cv_1300,1,0
cv_1301,2,0
cv_1302,1,0
cv_1303,1,0
cv_1304,2,0
cv_1305,2,0
cv_1306,2,0
cv_13066,1,0
v011,1,0
cv_13067,1,0
cv_13068,1,0
cv_13069,1,0
cv_1307,2,0
cv_13070,1,0
cv_13071,1,0
cv_13072,1,0
cv_13073,1,0
cv_13074,1,0
cv_13075,1,0
cv_13076,1,0
cv_13077,1,0
cv_13078,1,0
cv_13079,1,0
cv_1308,1,0
cv_1563,2,0
cv_13080,1,0
cv_13081,1,0
cv_13082,1,0
cv_13083,1,0
cv_13084,1,0
cv_13085,1,0
cv_13086,1,0
cv_13087,2,0
cv_13088,1,0
cv_13089,1,0
v019,1,0
cv_1309,2,0
cv_13090,1,0
v025,1,0
cv_13091,1,0
cv_13092,1,0
v047,1,0
cv_13093,1,0
cv_13094,1,0
cv_13095,1,0
cv_13096,1,0
v027,1,0
cv_13097,1,0
cv_13098,1,0
cv_13099,2,0
cv_1310,2,0
cv_13100,1,0
cv_13101,1,0
cv_13102,1,0
cv_13103,2,0
cv_13104,1,0
cv_13105,1,0
cv_13106,1,0
cv_1311,2,0
cv_1312,2,0
cv_1313,2,0
cv_1314,2,0
cv_7032,2,0
cv_1315,3,0
cv_1316,1,0
cv_1317,1,0
cv_1319,1,0
cv_1415,1,0
cv_1417,3,0
cv_17,1,0
cv_2302,1,0
v057,1,0
v058,1,0
v059,1,0
cv_3802,3,0
cv_1607,1,0
cv_9421,1,0
cv_12108,1,0
cv_7382,2,0
cv_11674,2,0
cv_9363,1,0
cv_9403,1,0
cv_4543,1,0
cv_9846,3,0
cv_10258,1,0
cv_3065,1,0
v060,2,0
cv_1770,2,0
cv_5115,1,0
cv_12212,2,0
cv_11905,1,0
cv_9400,1,0
cv_3805,1,0
cv_1720,2,0
cv_9396,1,0
cv_11665,2,0
cv_3443,2,0
cv_12218,1,0
cv_11683,2,0
cv_8592,1,0
cv_7381,2,0
cv_12782,2,0
cv_12773,1,0
cv_11083,1,0
cv_1757,2,0
cv_10255,1,0
cv_12787,2,0
cv_5644,3,0
cv_8235,1,0
cv_7967,2,0
cv_11103,2,0
cv_12386,1,0
cv_5946,2,0
cv_21,1,0
cv_12201,2,0
cv_12356,1,0
cv_6159,1,0
cv_2040,2,0
cv_3939,2,0
cv_11570,1,0
cv_11976,1,0
cv_8162,2,0
cv_3323,2,0
cv_1988,2,0
cv_12026,1,0
cv_11759,1,0
cv_10327,1,0
cv_6166,1,0
cv_11553,1,0
cv_10920,1,0
cv_6199,2,0
cv_3946,2,0
cv_4491,1,0
cv_3000,2,0
cv_9112,1,0
cv_3567,2,0
cv_9101,1,0
cv_3907,3,0
cv_9143,1,0
cv_6453,2,0
cv_7038,2,0
cv_11074,1,0
cv_4050,1,0
cv_1984,2,0
cv_2008,1,0
cv_8305,1,0
cv_10805,1,0
cv_9852,2,0
cv_5059,1,0
cv_6365,2,0
cv_1361,2,0
cv_9339,1,0
cv_7116,2,0
cv_1407,1,0
cv_7088,2,0
cv_10552,1,0
cv_7133,2,0
cv_1406,2,0
cv_699,1,0
cv_1377,2,0
cv_4390,2,0
cv_1394,2,0
cv_5808,1,0
cv_3318,2,0
cv_3728,2,0
cv_6405,2,0
cv_702,1,0
cv_6287,2,0
cv_1906,2,0
cv_6474,2,0
cv_10545,1,0
cv_9084,1,0
cv_5041,2,0
cv_10847,1,0
cv_3372,3,0
cv_4393,2,0
cv_1354,2,0
cv_9096,2,0
cv_3089,2,0
cv_9086,1,0
cv_3091,2,0
cv_6497,1,0
cv_9160,1,0
cv_569,2,0
cv_4238,1,0
cv_4792,2,0
cv_11280,2,0
cv_10046,1,0
cv_3548,2,0
cv_7942,1,0
cv_234,2,0
cv_5434,2,0
cv_9566,1,0
cv_6466,2,0
cv_4834,1,0
cv_36,1,0
cv_4449,1,0
cv_4982,2,0
cv_5676,2,0
cv_6506,3,0
cv_18,1,0
cv_5604,1,0
cv_2406,1,0
cv_11042,3,0
v051,2,0
cv_7912,1,0
v055,1,0
cv_4842,2,0
v017,1,0
cv_8632,1,0
cv_648,1,0
cv_656,1,0
cv_4669,2,0
cv_10613,1,0
cv_8589,3,0
cv_10627,1,0
cv_8874,2,0
cv_4296,1,0
cv_8646,1,0
cv_6417,2,0
cv_6421,2,0
cv_2422,2,0
cv_790,1,0
cv_1416,2,0
cv_8645,1,0
cv_6424,2,0
cv_7584,2,0
cv_10114,1,0
v041,2,0
cv_1562,1,0
cv_3285,1,0
cv_9963,2,0
cv_253,2,0
cv_6519,3,0
cv_3918,2,0
cv_1673,2,0
cv_1695,2,0
cv_4771,2,0
cv_3935,2,0
cv_11743,1,0
cv_10062,1,0
cv_7960,2,0
cv_11276,2,0
cv_171,2,0
cv_10928,2,0
cv_2968,2,0
cv_5583,2,0
cv_1631,1,0
cv_204,2,0
cv_261,1,0
cv_10937,2,0
cv_12199,2,0
cv_10116,1,0
cv_1122,2,0
cv_2989,2,0
cv_6413,3,0
cv_10102,1,0
cv_4991,1,0
cv_9943,2,0
cv_2176,1,0
cv_8266,1,0
cv_5670,2,0
cv_6200,1,0
cv_5690,2,0
cv_9881,2,0
cv_7966,2,0
cv_9798,2,0
cv_4980,1,0
cv_5354,1,0
cv_7421,1,0
cv_473,2,0
cv_6208,1,0
cv_9916,2,0
cv_130,1,0
cv_4774,1,0
cv_8277,2,0
cv_4567,2,0
cv_11079,2,0
cv_1423,1,0
cv_5953,2,0
cv_10848,2,0
cv_9865,2,0
cv_9872,2,0
cv_4661,1,0
cv_12710,1,0
cv_123,1,0
cv_9793,2,0
cv_3328,1,0
cv_9784,2,0
cv_9740,1,0
cv_4764,2,0
cv_10101,1,0
cv_8977,1,0
cv_8953,1,0
cv_10044,12,0
cv_10536,2,0
cv_8964,3,0
cv_12193,2,0
cv_4306,2,0
cv_10020,1,0
cv_9933,2,0
cv_9063,1,0
cv_1256,3,0
cv_4342,1,0
cv_6943,1,0
cv_4336,1,0
cv_6798,2,0
cv_5738,1,0
cv_10780,2,0
cv_8965,1,0
cv_4799,2,0
cv_5881,2,0
cv_4325,2,0
cv_2120,2,0
cv_6321,1,0
cv_10048,1,0
cv_4351,1,0
cv_7926,1,0
cv_7922,2,0
cv_7079,2,0
cv_7206,1,0
cv_12227,1,0
cv_6942,1,0
cv_4772,1,0
cv_4352,2,0
cv_3716,2,0
cv_12150,2,0
cv_3966,2,0
cv_8866,1,0
cv_7213,2,0
cv_7877,2,0
cv_6862,1,0
cv_9055,2,0
cv_3901,2,0
cv_5800,2,0
cv_8849,1,0
cv_8937,1,0
cv_10761,2,0
cv_9922,1,0
cv_1037,2,0
cv_8920,1,0
cv_4293,2,0
cv_9842,2,0
cv_3260,1,0
cv_6967,2,0
cv_6770,2,0
cv_12203,2,0
cv_4366,1,0
cv_9066,2,0
cv_9056,1,0
cv_4312,1,0
cv_10022,1,0
cv_4760,2,0
cv_12231,1,0
cv_3721,1,0
cv_10748,2,0
cv_9048,1,0
cv_819,1,0
cv_12189,2,0
cv_8890,1,0
cv_6835,1,0
cv_4197,2,0
cv_3899,3,0
cv_8989,1,0
cv_3922,1,0
cv_8983,1,0
cv_11873,1,0
cv_188,1,0
cv_4355,2,0
cv_7161,2,0
cv_5764,3,0
cv_4341,2,0
cv_8911,1,0
cv_1455,1,0
cv_4595,1,0
cv_5805,3,0
cv_7906,1,0
cv_9256,2,0
cv_6456,2,0
cv_4374,2,0
cv_10099,1,0
cv_8910,1,0
cv_557,3,0
cv_8917,2,0
cv_12157,2,0
cv_8992,1,0
cv_176,2,0
cv_3842,2,0
cv_10017,1,0
cv_3853,1,0
cv_3256,2,0
cv_1604,1,0
cv_8865,1,0
cv_1635,2,0
cv_3856,2,0
cv_11278,2,0
cv_12159,1,0
cv_1556,2,0
cv_8177,3,0
cv_12261,1,0
cv_9520,1,0
cv_4316,2,0
cv_1916,1,0
cv_4542,2,0
cv_6483,2,0
cv_6860,3,0
cv_4195,1,0
cv_12177,2,0
cv_9028,2,0
cv_3295,2,0
cv_8869,1,0
cv_1491,2,0
cv_4182,2,0
cv_8862,1,0
cv_8949,1,0
cv_3216,2,0
cv_1585,2,0
cv_12154,1,0
cv_1489,2,0
cv_8931,1,0
cv_1411,3,0
cv_6926,2,0
cv_4479,1,0
cv_8975,1,0
cv_1587,2,0
cv_8519,1,0
cv_1581,2,0
cv_4191,2,0
cv_1328,3,0
cv_4040,2,0
cv_4196,1,0
cv_9008,2,0
cv_1493,2,0
cv_9032,1,0
cv_6526,1,0
cv_4868,1,0
cv_12198,2,0
cv_7944,2,0
cv_8764,1,0
cv_10835,1,0
cv_9489,1,0
cv_1059,2,0
cv_4844,2,0
cv_3888,2,0
cv_6885,4,0
cv_8420,1,0
cv_24,1,0
cv_11901,1,0
cv_8936,1,0
cv_11833,1,0
cv_3297,2,0
cv_1261,2,0
cv_8466,1,0
cv_8479,1,0
cv_8928,1,0
cv_4317,2,0
cv_1488,2,0
cv_1525,2,0
cv_4328,2,0
v052,3,0
cv_1269,2,0
cv_8517,1,0
cv_9049,1,0
cv_8492,1,0
cv_1593,1,0
cv_8870,1,0
cv_4189,2,0
cv_12156,2,0
cv_8530,1,0
cv_8993,1,0
cv_8538,2,0
cv_6812,2,0
cv_11220,2,0
cv_10793,2,0
cv_9132,2,0
cv_6948,2,0
cv_8939,1,0
cv_9503,1,0
cv_1320,2,0
cv_6492,1,0
cv_6891,3,0
cv_12272,1,0
cv_12173,1,0
cv_6794,2,0
cv_11769,2,0
cv_11191,3,0
cv_6908,2,0
cv_12277,1,0
cv_6799,2,0
cv_4861,1,0
cv_12291,1,0
cv_9116,2,0
cv_7207,2,0
cv_9011,2,0
cv_4225,3,0
cv_12265,1,0
cv_7303,2,0
cv_1465,1,0
cv_9076,2,0
cv_8558,1,0
cv_8482,1,0
cv_4164,2,0
cv_4287,2,0
cv_9889,1,0
cv_1345,2,0
cv_9348,1,0
cv_766,2,0
cv_5642,2,0
cv_3410,1,0
cv_3926,2,0
cv_1896,1,0
cv_11060,3,0
cv_5002,2,0
cv_1701,2,0
cv_6849,1,0
cv_9607,1,0
cv_11764,3,0
cv_12138,2,0
cv_12346,1,0
cv_3044,2,0
cv_9010,2,0
cv_6570,2,0
cv_9001,1,0
cv_11721,1,0
cv_6892,2,0
cv_9372,1,0
cv_9047,1,0
cv_1656,1,0
cv_6551,2,0
cv_4535,2,0
cv_8892,1,0
cv_11205,2,0
cv_1785,1,0
cv_104,1,0
cv_12141,1,0
cv_4499,2,0
cv_11201,3,0
cv_12316,1,0
cv_8852,1,0
cv_12228,1,0
cv_12166,2,0
cv_6911,2,0
cv_1531,1,0
cv_9035,1,0
cv_11072,1,0
cv_11757,2,0
cv_1516,1,0
cv_9954,2,0
cv_11675,2,0
cv_8437,2,0
cv_12334,1,0
cv_4310,1,0
cv_4330,2,0
cv_9012,1,0
cv_11685,2,0
cv_6778,2,0
cv_10249,1,0
cv_1622,2,0
cv_6525,1,0
cv_10291,1,0
cv_830,1,0
cv_1537,1,0
cv_10762,2,0
cv_3709,2,0
cv_9075,1,0
cv_11211,3,0
cv_12341,1,0
cv_12183,2,0
cv_11059,1,0
cv_1590,2,0
cv_1540,2,0
cv_11890,2,0
cv_9378,1,0
cv_12771,1,0
cv_9080,3,0
cv_4230,2,0
cv_9237,2,0
cv_6816,3,0
cv_12163,2,0
cv_9552,3,0
cv_10554,2,0
cv_6774,3,0
cv_1529,2,0
cv_8970,1,0
cv_2057,2,0
cv_11996,1,0
cv_11762,3,0
cv_8260,1,0
cv_11904,2,0
cv_2965,2,0
cv_829,1,0
cv_8183,2,0
cv_8962,1,0
cv_12191,1,0
cv_11872,2,0
cv_8539,2,0
cv_11080,1,0
cv_2032,2,0
cv_8687,1,0
cv_2050,2,0
cv_1986,2,0
cv_8552,2,0
cv_11991,1,0
cv_8209,1,0
cv_11135,2,0
cv_7326,1,0
cv_2006,2,0
cv_1287,2,0
cv_6189,2,0
cv_9334,3,0
cv_8237,1,0
cv_6598,1,0
cv_908,3,0
cv_9441,1,0
cv_6213,2,0
cv_3563,2,0
cv_12213,2,0
cv_8946,1,0
cv_1549,1,0
cv_10934,1,0
cv_11965,1,0
cv_6433,1,0
cv_8542,1,0
cv_12882,1,0
cv_733,1,0
cv_7065,1,0
cv_11832,2,0
cv_4173,1,0
cv_6571,2,0
cv_4572,2,0
cv_6503,1,0
cv_11095,1,0
cv_6574,2,0
cv_11855,1,0
cv_7337,2,0
cv_9323,1,0
cv_4482,1,0
cv_11869,2,0
cv_9163,2,0
cv_6562,2,0
cv_11981,1,0
cv_11113,3,0
cv_4372,1,0
cv_11830,1,0
cv_6402,1,0
cv_6607,1,0
cv_691,2,0
cv_5033,2,0
cv_11871,1,0
cv_6451,2,0
cv_9321,1,0
cv_6396,2,0
cv_9121,1,0
cv_10592,1,0
cv_1523,1,0
cv_728,2,0
cv_6324,2,0
cv_6345,2,0
cv_1393,1,0
cv_6347,2,0
cv_782,1,0
cv_3586,1,0
cv_7101,1,0
cv_4174,2,0
cv_3904,2,0
cv_6312,2,0
cv_4218,2,0
cv_12866,1,0
cv_5028,2,0
cv_3619,1,0
cv_7197,2,0
cv_6406,2,0
cv_7064,1,0
cv_4978,2,0
cv_5814,2,0
cv_2759,1,0
cv_573,2,0
cv_11834,1,0
cv_804,3,0
cv_10560,2,0
cv_1347,2,0
cv_11168,2,0
cv_8473,1,0
cv_11781,4,0
cv_6498,1,0
cv_6555,2,0
cv_9319,3,0
cv_3315,2,0
cv_4708,1,0
cv_11130,2,0
cv_11116,2,0
cv_8418,2,0
cv_8610,1,0
cv_775,2,0
cv_8603,2,0
cv_8524,2,0
cv_6777,2,0
cv_4183,1,0
cv_9843,2,0
cv_7341,1,0
cv_6775,2,0
cv_11853,1,0
cv_9299,3,0
cv_11215,2,0
cv_10800,2,0
cv_11149,2,0
cv_722,1,0
cv_9564,1,0
cv_8413,2,0
cv_8613,2,0
cv_1342,1,0
cv_8879,1,0
cv_4186,1,0
cv_4327,1,0
cv_8449,1,0
cv_12192,4,0
cv_10125,1,0
cv_7123,2,0
cv_9207,1,0
cv_11867,1,0
cv_7285,3,0
cv_10751,2,0
cv_9189,2,0
cv_1440,2,0
cv_11784,2,0
cv_6535,2,0
cv_11898,1,0
cv_9335,3,0
cv_4361,2,0
cv_6454,2,0
cv_8550,1,0
cv_8448,1,0
cv_1336,3,0
cv_1512,2,0
cv_9336,3,0
cv_7344,1,0
cv_8003,2,0
cv_12223,1,0
cv_1598,2,0
cv_6668,2,0
cv_4152,2,0
cv_11758,2,0
cv_1284,2,0
cv_9059,2,0
cv_8465,1,0
cv_10706,3,0
cv_11765,2,0
cv_8515,1,0
cv_6768,2,0
cv_9208,1,0
cv_12148,2,0
cv_4362,2,0
cv_707,1,0
cv_8430,1,0
cv_1520,2,0
cv_6980,2,0
cv_835,2,0
cv_1152,1,0
cv_9236,2,0
cv_3480,1,0
cv_4314,1,0
cv_5659,2,0
cv_9953,2,0
cv_12220,2,0
cv_9024,1,0
cv_1341,3,0
cv_3665,2,0
cv_8925,1,0
cv_7279,1,0
cv_10127,1,0
cv_4434,2,0
cv_10747,2,0
cv_12271,1,0
cv_8780,2,0
cv_10072,1,0
cv_9020,1,0
cv_12726,1,0
cv_10729,3,0
cv_12460,2,0
cv_13003,1,0
cv_8724,1,0
cv_3526,2,0
cv_12987,2,0
cv_8692,2,0
cv_12463,1,0
cv_6072,2,0
cv_4619,1,0
cv_6063,2,0
cv_1914,2,0
cv_12993,2,0
cv_1399,1,0
cv_10667,1,0
cv_10826,3,0
cv_1343,1,0
cv_6658,2,0
cv_1358,2,0
cv_8011,3,0
cv_4706,2,0
cv_3629,1,0
cv_3241,2,0
cv_8411,1,0
cv_4239,2,0
cv_9274,2,0
cv_8799,1,0
cv_6617,1,0
cv_3255,2,0
cv_4233,2,0
cv_9875,3,0
cv_12974,2,0
cv_10811,1,0
cv_7479,1,0
cv_12252,2,0
cv_6694,2,0
cv_1398,1,0
cv_8728,2,0
cv_4253,2,0
cv_1942,2,0
cv_8760,2,0
cv_1912,1,0
cv_10673,2,0
cv_7087,2,0
cv_10722,3,0
cv_4273,1,0
cv_8485,1,0
cv_1947,2,0
cv_7777,1,0
cv_8723,1,0
cv_8739,3,0
cv_1383,2,0
cv_6654,2,0
cv_5666,2,0
cv_1668,2,0
cv_1372,1,0
cv_1779,2,0
cv_6784,2,0
cv_1711,2,0
cv_3080,2,0
cv_10822,3,0
cv_2904,2,0
cv_3074,2,0
cv_4553,2,0
cv_1740,2,0
cv_1605,1,0
cv_1971,2,0
cv_13009,2,0
cv_4525,1,0
cv_2973,2,0
cv_8795,2,0
cv_5611,2,0
cv_12985,2,0
cv_4528,1,0
cv_4378,2,0
cv_4555,1,0
cv_9191,3,0
cv_12781,2,0
cv_9088,3,0
cv_9209,1,0
cv_9427,1,0
cv_5949,1,0
cv_7105,2,0
cv_4565,2,0
cv_1609,1,0
cv_10571,2,0
cv_12161,2,0
cv_513,1,0
cv_1746,2,0
cv_6903,2,0
cv_7099,2,0
cv_11699,1,0
cv_2920,1,0
cv_7048,2,0
cv_12779,1,0
cv_11682,2,0
cv_4386,2,0
cv_12323,1,0
cv_9124,3,0
cv_1716,2,0
cv_9023,1,0
cv_6994,1,0
cv_3384,1,0
cv_8073,3,0
cv_2035,2,0
cv_9273,2,0
cv_9034,2,0
cv_3236,2,0
cv_12343,1,0
cv_10781,2,0
cv_12738,1,0
cv_9022,1,0
cv_1647,3,0
cv_9002,1,0
cv_1694,2,0
cv_12325,1,0
cv_10274,1,0
cv_11984,1,0
cv_11578,1,0
cv_12013,1,0
cv_8121,2,0
cv_1990,1,0
cv_8132,2,0
cv_11575,1,0
cv_4044,1,0
cv_11049,1,0
cv_8204,1,0
cv_11093,1,0
cv_8255,1,0
cv_11761,1,0
cv_8220,1,0
cv_12364,1,0
cv_8267,1,0
cv_3462,1,0
cv_11573,1,0
cv_9187,1,0
cv_1865,1,0
cv_11082,1,0
cv_11998,1,0
cv_1884,2,0
cv_9151,1,0
cv_1858,3,0
cv_10825,1,0
cv_9135,1,0
cv_10570,1,0
cv_7078,1,0
cv_6369,2,0
cv_3603,2,0
cv_12847,1,0
cv_7060,1,0
cv_9193,1,0
cv_7085,2,0
cv_9139,1,0
cv_7041,3,0
cv_7125,2,0
cv_5004,2,0
cv_3486,2,0
cv_10553,1,0
cv_10838,1,0
cv_5754,1,0
cv_10818,1,0
cv_3463,2,0
cv_7139,1,0
cv_10585,1,0
cv_7127,3,0
cv_5017,1,0
cv_690,2,0
cv_1363,2,0
cv_3877,2,0
cv_570,1,0
cv_5745,1,0
cv_1403,2,0
cv_10591,5,0
cv_209,1,0
cv_5037,1,0
cv_7126,1,0
cv_7918,1,0
cv_11189,2,0
cv_1353,1,0
cv_805,2,0
cv_12881,2,0
cv_9106,1,0
cv_12892,1,0
cv_8988,1,0
cv_3022,2,0
cv_191,1,0
cv_8557,1,0
cv_1669,2,0
cv_5437,2,0
cv_4242,1,0
cv_3600,1,0
cv_9433,1,0
cv_11844,1,0
cv_4466,3,0
cv_10137,1,0
cv_12447,1,0
cv_12251,1,0
cv_4610,1,0
cv_12237,1,0
cv_8793,1,0
cv_1949,1,0
cv_4201,2,0
cv_12274,1,0
cv_988,3,0
cv_3265,1,0
cv_3273,2,0
cv_3718,2,0
cv_9167,3,0
cv_3264,2,0
cv_9197,3,0
cv_28,1,0
cv_10516,2,0
cv_464,2,0
cv_111,1,0
cv_4395,2,0
cv_9152,3,0
cv_7067,1,0
cv_10530,3,0
cv_9113,2,0
cv_7113,2,0
cv_7732,3,0
cv_7093,2,0
cv_9129,2,0
cv_9133,3,0
cv_10580,3,0
cv_12151,3,0
cv_8888,1,0
cv_1689,2,0
cv_9070,3,0
cv_956,1,0
cv_9062,2,0
cv_8859,1,0
cv_12208,3,0
cv_12269,1,0
cv_6763,1,0
cv_10791,3,0
cv_4332,2,0
cv_2985,2,0
cv_4315,2,0
cv_11893,1,0
cv_10117,1,0
cv_20,1,0
cv_9179,2,0
cv_6669,2,0
cv_1162,2,0
cv_1194,1,0
cv_12511,1,0
cv_2303,3,0
cv_2304,1,0
cv_2305,1,0
cv_2306,1,0
cv_2307,2,0
cv_2308,3,0
cv_2309,1,0
cv_2310,1,0
cv_2311,3,0
cv_2312,1,0
cv_2313,1,0
cv_2314,1,0
cv_2315,2,0
cv_2316,2,0
cv_2319,1,0
cv_2320,1,0
cv_2321,3,0
cv_2322,2,0
cv_2323,2,0
cv_2324,2,0
cv_2325,2,0
cv_2326,2,0
cv_2327,2,0
cv_2328,2,0
cv_2329,2,0
cv_2330,1,0
cv_2331,2,0
cv_2332,2,0
cv_2333,2,0
cv_2334,2,0
cv_2335,2,0
cv_2336,1,0
cv_2337,1,0
cv_2338,2,0
cv_2339,1,0
cv_2340,2,0
cv_2341,2,0
cv_2342,2,0
cv_2343,2,0
cv_2344,2,0
cv_2345,2,0
cv_2346,2,0
cv_2347,2,0
cv_2348,2,0
cv_2349,1,0
cv_2350,1,0
cv_2351,1,0
cv_4307,2,0
cv_2352,3,0
cv_2353,2,0
cv_2354,1,0
cv_2355,1,0
cv_2356,2,0
cv_2357,2,0
cv_2358,1,0
cv_2359,2,0
cv_2360,2,0
cv_2361,2,0
cv_2362,1,0
cv_2363,2,0
cv_2364,2,0
cv_2365,2,0
cv_2366,1,0
cv_2367,2,0
cv_2368,2,0
cv_2369,1,0
cv_2370,1,0
cv_2371,1,0
cv_2372,1,0
cv_2373,1,0
cv_2374,1,0
cv_2375,2,0
cv_2376,2,0
cv_2377,2,0
cv_2378,2,0
cv_2379,2,0
cv_2380,1,0
cv_2381,2,0
cv_2382,1,0
cv_2383,2,0
cv_2384,2,0
cv_2385,2,0
cv_2386,2,0
cv_2387,1,0
cv_12165,2,0
cv_2388,2,0
cv_2389,2,0
cv_2390,2,0
cv_2391,2,0
cv_2392,2,0
cv_2393,2,0
cv_2394,1,0
cv_2395,1,0
cv_2396,2,0
cv_2397,1,0
cv_2398,2,0
cv_2400,2,0
cv_2401,1,0
cv_2402,2,0
cv_9967,2,0
cv_2403,1,0
cv_2404,1,0
cv_2405,1,0
cv_2407,1,0
cv_2408,1,0
cv_2454,2,0
cv_2455,1,0
cv_2456,2,0
cv_2457,2,0
cv_2458,2,0
cv_2459,2,0
cv_2460,2,0
cv_2461,2,0
cv_2462,1,0
cv_6674,1,0
cv_1045,2,0
cv_1679,2,0
cv_10808,1,0
cv_9973,1,0
cv_4465,2,0
cv_1908,2,0
cv_9350,1,0
cv_7955,2,0
cv_520,1,0
cv_3809,3,0
cv_7861,1,0
cv_5695,2,0
cv_5657,1,0
cv_3863,1,0
cv_9000,1,0
cv_12333,1,0
cv_7825,2,0
cv_5773,1,0
cv_4576,1,0
cv_9359,1,0
cv_4556,2,0
cv_4368,2,0
cv_4544,1,0
cv_4560,2,0
cv_2938,1,0
cv_4548,1,0
cv_5680,2,0
cv_10267,1,0
cv_12784,1,0
cv_1717,2,0
cv_1628,2,0
cv_10246,1,0
cv_2885,2,0
cv_6895,2,0
cv_13112,1,0
cv_1612,2,0
cv_1793,2,0
cv_2970,1,0
cv_12181,1,0
cv_1131,2,0
cv_12004,1,0
cv_8273,1,0
cv_11557,1,0
cv_11585,1,0
cv_3938,1,0
cv_3559,1,0
cv_8202,1,0
cv_10916,1,0
cv_11973,1,0
cv_5880,2,0
cv_7954,2,0
cv_1230,2,0
cv_3474,2,0
cv_11993,1,0
cv_1370,2,0
cv_11780,1,0
cv_11755,1,0
cv_4973,2,0
cv_8130,2,0
cv_858,1,0
cv_6381,2,0
cv_6584,2,0
cv_6382,3,0
cv_6407,2,0
cv_3475,2,0
cv_9184,1,0
cv_6303,2,0
cv_9095,1,0
cv_6479,1,0
cv_3995,1,0
cv_686,2,0
cv_10576,1,0
cv_1854,1,0
cv_9114,1,0
cv_6432,2,0
cv_3460,1,0
cv_3905,2,0
cv_3608,1,0
cv_7932,1,0
cv_4401,1,0
cv_9134,1,0
cv_7100,2,0
cv_5765,1,0
cv_7077,2,0
cv_5793,3,0
cv_3592,2,0
cv_11723,1,0
cv_3472,2,0
cv_7134,2,0
cv_6363,2,0
cv_6557,3,0
cv_3468,2,0
cv_465,2,0
cv_1148,1,0
cv_7222,2,0
cv_11892,1,0
cv_9320,1,0
cv_9137,1,0
cv_3846,1,0
cv_1953,2,0
cv_6015,1,0
cv_11822,1,0
cv_8493,1,0
cv_8484,2,0
cv_8472,1,0
cv_3906,1,0
cv_8659,1,0
cv_3393,2,0
cv_11146,1,0
cv_9464,1,0
cv_1067,3,0
cv_8968,1,0
cv_3465,2,0
cv_700,2,0
cv_433,2,0
cv_10841,1,0
cv_12257,1,0
cv_22,1,0
cv_1508,3,0
cv_4151,1,0
cv_4161,1,0
cv_8497,1,0
cv_11828,1,0
cv_6148,2,0
cv_7617,1,0
cv_6489,2,0
cv_11756,2,0
cv_9317,2,0
cv_7552,2,0
cv_3214,2,0
cv_11868,1,0
cv_6478,1,0
cv_7468,2,0
cv_8458,1,0
cv_1541,1,0
cv_11218,2,0
cv_1544,2,0
cv_1578,2,0
cv_4171,3,0
cv_12445,2,0
cv_6495,1,0
cv_431,2,0
cv_8932,1,0
cv_12179,2,0
cv_11842,1,0
cv_6487,2,0
cv_1114,2,0
cv_11195,2,0
cv_11865,1,0
cv_5450,2,0
cv_1591,1,0
cv_8419,1,0
cv_9014,2,0
cv_11176,2,0
cv_8990,1,0
cv_461,1,0
cv_3602,1,0
cv_460,2,0
cv_12259,1,0
cv_11903,1,0
cv_11894,1,0
cv_1268,2,0
cv_4489,2,0
cv_8455,1,0
cv_957,2,0
cv_11900,1,0
cv_99,1,0
cv_8948,1,0
cv_8743,1,0
cv_10678,2,0
cv_3924,2,0
cv_4326,1,0
cv_1588,2,0
cv_2917,2,0
cv_919,1,0
cv_8467,1,0
cv_5830,2,0
cv_12267,1,0
cv_8529,1,0
cv_8537,1,0
cv_11184,2,0
cv_3952,1,0
cv_9252,2,0
cv_7320,2,0
cv_8518,1,0
cv_11827,1,0
cv_2869,1,0
cv_9887,2,0
cv_11843,1,0
cv_13113,1,0
cv_11838,1,0
cv_1469,2,0
cv_11188,2,0
cv_8487,1,0
cv_12155,1,0
cv_4478,1,0
cv_9331,1,0
cv_11824,1,0
cv_9333,1,0
cv_8540,1,0
cv_8416,1,0
cv_11768,2,0
cv_9921,2,0
cv_1975,2,0
cv_4321,2,0
cv_9315,1,0
cv_9950,2,0
cv_9052,2,0
cv_146,1,0
cv_6776,2,0
cv_4358,1,0
cv_4370,2,0
cv_114,1,0
cv_9054,1,0
cv_10764,2,0
cv_6851,3,0
cv_8972,1,0
cv_12158,2,0
cv_10767,2,0
cv_12182,1,0
cv_9074,2,0
cv_8971,1,0
cv_4825,2,0
cv_1542,2,0
cv_7353,1,0
cv_11583,2,0
cv_1335,2,0
cv_10752,2,0
cv_4345,1,0
cv_4343,2,0
cv_10068,1,0
cv_4354,1,0
cv_106,1,0
cv_8930,1,0
cv_9078,1,0
cv_6792,2,0
cv_1558,2,0
cv_12197,2,0
cv_12221,2,0
cv_3705,2,0
cv_12202,2,0
cv_4301,1,0
cv_1338,1,0
cv_1279,2,0
cv_8998,2,0
cv_8861,1,0
cv_10731,2,0
cv_6811,1,0
cv_827,2,0
cv_12187,1,0
cv_6762,2,0
cv_4319,1,0
cv_8959,1,0
cv_6898,2,0
cv_12976,1,0
cv_1922,3,0
cv_12250,1,0
cv_6082,1,0
cv_3894,1,0
cv_11698,2,0
cv_3871,3,0
cv_9915,3,0
cv_3072,2,0
cv_8027,2,0
cv_8067,2,0
cv_2047,2,0
cv_3494,1,0
cv_12292,1,0
cv_12459,1,0
cv_2000,1,0
cv_13000,2,0
cv_1976,1,0
cv_5352,2,0
cv_2051,1,0
cv_1980,2,0
cv_12757,2,0
cv_11568,2,0
cv_1977,2,0
cv_11567,2,0
cv_2041,2,0
cv_9554,2,0
cv_2005,1,0
cv_184,1,0
cv_1992,1,0
cv_5771,1,0
cv_3476,3,0
cv_11753,2,0
cv_7929,2,0
cv_9058,2,0
cv_1601,2,0
cv_3149,3,0
cv_11029,1,0
cv_9845,3,0
cv_6001,1,0
cv_1648,2,0
cv_7997,1,0
cv_1614,2,0
cv_12175,2,0
cv_10083,1,0
cv_5985,2,0
cv_11017,1,0
cv_6034,2,0
cv_10957,1,0
cv_613,2,0
cv_1641,2,0
cv_1642,2,0
cv_5047,1,0
cv_3704,1,0
cv_12751,1,0
cv_12748,2,0
cv_4176,2,0
cv_5170,1,0
cv_8020,2,0
cv_3986,1,0
cv_12755,2,0
cv_10759,2,0
cv_7,1,0
cv_7597,2,0
cv_84,1,0
cv_5992,2,0
cv_145,2,0
cv_6018,2,0
cv_1624,2,0
cv_12576,1,0
cv_1621,2,0
cv_8021,2,0
cv_7196,2,0
cv_11003,1,0
cv_6040,1,0
cv_345,1,0
cv_11398,1,0
cv_11479,1,0
cv_3739,3,0
cv_997,2,0
cv_5519,2,0
cv_332,2,0
cv_10955,2,0
cv_11024,1,0
cv_6030,2,0
cv_8758,1,0
cv_1619,2,0
cv_5235,2,0
cv_4246,1,0
cv_8826,2,0
cv_6629,2,0
cv_5178,1,0
cv_26,1,0
cv_12822,1,0
cv_8958,1,0
cv_7106,2,0
cv_9103,2,0
cv_11563,2,0
cv_3024,2,0
cv_3380,1,0
cv_5785,1,0
cv_3383,2,0
cv_4202,2,0
cv_7021,1,0
cv_8512,2,0
cv_9220,1,0
v031,1,0
cv_567,1,0
cv_6830,1,0
cv_11198,2,0
cv_9629,1,0
cv_1044,2,0
cv_9840,2,0
cv_7081,2,0
cv_6039,2,0
cv_5298,1,0
cv_12839,1,0
cv_1080,3,0
cv_4259,2,0
cv_1629,2,0
cv_8022,2,0
cv_10828,2,0
cv_3386,1,0
cv_5337,2,0
v053,2,0
cv_906,3,0
cv_10740,2,0
cv_3667,3,0
cv_10769,1,0
cv_7071,1,0
cv_8982,1,0
cv_5161,1,0
cv_8717,1,0
cv_6632,2,0
cv_7690,2,0
cv_11190,2,0
cv_4910,1,0
cv_4803,2,0
cv_3707,2,0
cv_6793,2,0
cv_1651,2,0
cv_11462,1,0
cv_222,1,0
cv_5691,1,0
cv_7697,1,0
cv_4274,2,0
cv_9774,1,0
cv_9775,1,0
cv_9776,1,0
cv_9777,2,0
cv_9778,1,0
cv_9779,1,0
cv_9780,1,0
cv_9781,1,0
cv_9782,1,0
cv_9783,1,0
cv_7515,2,0
cv_342,1,0
cv_1505,2,0
cv_11251,1,0
cv_12326,2,0
cv_4587,2,0
cv_11127,1,0
cv_3457,2,0
cv_3859,2,0
cv_6978,1,0
cv_9942,2,0
cv_5735,1,0
cv_5728,1,0
cv_9417,1,0
cv_12134,1,0
cv_3847,2,0
cv_7176,1,0
cv_3175,2,0
cv_9398,1,0
cv_12739,1,0
cv_8236,1,0
cv_7881,1,0
cv_12345,1,0
cv_1915,4,0
cv_4501,2,0
cv_10268,1,0
cv_3235,2,0
cv_2893,2,0
cv_10318,1,0
cv_4561,2,0
cv_4566,1,0
cv_4550,1,0
cv_4547,1,0
cv_10253,1,0
cv_3827,2,0
cv_2901,2,0
cv_7990,2,0
cv_4559,1,0
cv_11686,1,0
cv_3748,1,0
cv_12222,1,0
cv_7010,3,0
cv_1741,2,0
cv_9373,1,0
cv_826,1,0
cv_7396,2,0
cv_11712,1,0
cv_1759,2,0
cv_1752,1,0
cv_2914,1,0
cv_12295,1,0
cv_6916,2,0
cv_12314,1,0
cv_7979,2,0
cv_4245,1,0
cv_11057,1,0
cv_8136,2,0
cv_12342,1,0
cv_10904,1,0
cv_1702,2,0
cv_11590,1,0
cv_8243,1,0
cv_11978,1,0
cv_4473,1,0
cv_10919,1,0
cv_4494,2,0
cv_10319,1,0
cv_5847,2,0
cv_8153,2,0
cv_12025,1,0
cv_1902,3,0
cv_9301,1,0
cv_2042,2,0
cv_1860,1,0
cv_1995,2,0
cv_7002,1,0
v036,1,0
cv_8290,1,0
cv_8124,2,0
cv_3174,2,0
cv_853,2,0
cv_3945,2,0
cv_5038,2,0
cv_9162,1,0
cv_10564,1,0
cv_8553,1,0
cv_241,1,0
cv_4992,2,0
cv_1125,2,0
cv_10819,1,0
cv_1154,1,0
cv_3912,2,0
cv_4308,2,0
cv_8950,1,0
cv_3910,2,0
cv_689,1,0
cv_6327,2,0
cv_1213,2,0
cv_6441,2,0
cv_1222,2,0
cv_1223,1,0
cv_6298,1,0
cv_1224,2,0
cv_6317,2,0
cv_1225,2,0
cv_7097,2,0
cv_1226,2,0
cv_9118,1,0
cv_1227,2,0
cv_12404,2,0
cv_10594,1,0
cv_10830,1,0
cv_5829,1,0
cv_6447,2,0
cv_12405,2,0
cv_12495,3,0
cv_12496,2,0
cv_12497,2,0
cv_12498,2,0
cv_12499,2,0
cv_12500,2,0
cv_12505,2,0
cv_12506,2,0
cv_12507,2,0
cv_12508,2,0
cv_12509,4,0
cv_12510,2,0
cv_12512,2,0
cv_12513,2,0
cv_12514,2,0
cv_12515,2,0
cv_12526,3,0
cv_1293,1,0
cv_1294,2,0
cv_2317,1,0
cv_2318,2,0
cv_2463,2,0
cv_2464,2,0
cv_2465,2,0
cv_3791,2,0
cv_3831,2,0
cv_4707,2,0
cv_4709,1,0
cv_4710,2,0
cv_4711,2,0
cv_4712,1,0
cv_4713,1,0
cv_4714,2,0
cv_4715,2,0
cv_4716,2,0
cv_4717,2,0
cv_4718,2,0
cv_4728,2,0
cv_4729,2,0
cv_7773,2,0
cv_7776,1,0
cv_7778,2,0
cv_7779,1,0
cv_9108,1,0
cv_7780,1,0
cv_7781,3,0
cv_7001,2,0
cv_7782,2,0
cv_7785,2,0
cv_7786,1,0
cv_7799,1,0
cv_8494,1,0
cv_7818,2,0
cv_7836,1,0
cv_7838,1,0
cv_7839,1,0
cv_7862,2,0
cv_7870,1,0
cv_7923,2,0
cv_7924,1,0
cv_8098,3,0
cv_8109,2,0
cv_8110,2,0
cv_8113,2,0
cv_8117,2,0
cv_8144,2,0
cv_8149,2,0
cv_8165,1,0
cv_8172,2,0
cv_8173,2,0
cv_8175,1,0
cv_8189,2,0
cv_8193,3,0
cv_8197,1,0
cv_8205,1,0
cv_8214,1,0
cv_8221,1,0
cv_9,1,0
cv_9762,1,0
cv_9763,1,0
cv_9764,1,0
cv_9765,1,0
cv_9766,1,0
cv_9767,1,0
cv_9768,1,0
cv_9769,1,0
cv_9770,2,0
cv_9771,1,0
cv_9772,1,0
cv_9773,1,0
cv_889,2,0
cv_10973,1,0
cv_6666,2,0
cv_5478,2,0
cv_7457,1,0
cv_12967,1,0
cv_11763,1,0
cv_3455,2,0
cv_3865,1,0
cv_2918,2,0
cv_2933,2,0
cv_519,1,0
cv_3259,2,0
cv_3052,2,0
cv_9365,1,0
cv_3083,1,0
cv_3828,2,0
cv_11670,2,0
cv_3837,2,0
cv_1768,3,0
cv_3436,1,0
cv_10738,2,0
cv_8211,1,0
cv_10275,1,0
cv_3849,1,0
cv_708,1,0
cv_11711,1,0
cv_1781,2,0
cv_1618,3,0
cv_1724,2,0
cv_4552,2,0
cv_3040,1,0
cv_12297,2,0
cv_9392,1,0
cv_12344,1,0
cv_11669,2,0
cv_879,3,0
cv_8769,1,0
cv_9413,1,0
cv_11696,1,0
cv_10282,1,0
cv_12215,1,0
cv_12303,1,0
cv_10292,1,0
cv_5286,1,0
cv_10281,1,0
cv_351,1,0
cv_9369,1,0
cv_9037,1,0
cv_4353,1,0
cv_8994,1,0
cv_1754,2,0
cv_12162,1,0
cv_12759,1,0
cv_2912,2,0
cv_8272,1,0
cv_2039,3,0
cv_2026,2,0
cv_12320,1,0
cv_10332,1,0
cv_219,2,0
cv_10300,1,0
cv_8151,2,0
cv_3949,2,0
cv_12005,1,0
cv_12363,1,0
cv_11708,1,0
cv_6168,2,0
cv_10909,1,0
cv_8271,1,0
cv_10935,1,0
cv_11076,1,0
cv_4475,1,0
cv_10903,1,0
cv_1357,2,0
cv_2052,2,0
cv_12357,1,0
cv_8225,1,0
cv_11979,1,0
cv_6175,1,0
cv_4058,2,0
cv_12366,1,0
cv_11048,1,0
cv_2001,2,0
cv_1994,2,0
cv_11037,1,0
cv_12856,1,0
cv_5930,2,0
cv_12376,1,0
cv_11970,1,0
cv_12388,1,0
cv_7338,2,0
cv_11773,1,0
cv_1891,2,0
cv_9147,1,0
cv_11777,1,0
cv_9079,1,0
cv_6670,2,0
cv_7186,1,0
cv_5893,2,0
cv_4615,1,0
cv_4890,2,0
cv_978,1,0
cv_7042,2,0
cv_181,1,0
cv_6624,2,0
cv_7191,2,0
cv_1589,3,0
cv_1555,2,0
cv_6111,2,0
cv_9057,1,0
cv_7031,1,0
cv_3556,2,0
cv_10565,1,0
cv_5007,1,0
cv_6371,1,0
cv_9153,1,0
cv_7109,2,0
cv_6422,2,0
cv_9140,1,0
cv_7026,2,0
cv_9198,1,0
cv_6358,1,0
cv_10534,4,0
cv_9178,1,0
cv_7054,2,0
cv_3219,1,0
cv_7047,1,0
cv_3484,2,0
cv_12878,1,0
cv_6278,2,0
cv_1368,3,0
cv_3464,1,0
cv_6362,2,0
cv_10833,1,0
cv_10241,1,0
cv_12875,1,0
cv_10533,1,0
cv_11731,1,0
cv_9196,1,0
cv_4384,2,0
cv_6469,2,0
cv_6299,1,0
cv_5045,2,0
cv_8719,2,0
cv_12849,1,0
cv_4394,1,0
cv_5029,2,0
cv_6573,4,0
cv_7278,2,0
cv_9245,2,0
cv_1242,2,0
cv_10802,1,0
cv_701,2,0
cv_10583,1,0
cv_3897,2,0
cv_1881,3,0
cv_10821,1,0
cv_7049,3,0
cv_4960,2,0
cv_1375,2,0
cv_6397,2,0
cv_5019,2,0
cv_6500,1,0
cv_9093,1,0
cv_3597,1,0
cv_6968,2,0
cv_11739,1,0
cv_271,2,0
cv_11741,1,0
cv_6611,1,0
cv_6376,2,0
cv_3088,2,0
cv_5835,1,0
cv_3244,2,0
cv_3881,2,0
cv_4989,1,0
cv_9082,1,0
cv_3870,1,0
cv_7103,2,0
cv_3348,2,0
cv_4984,1,0
cv_3542,1,0
cv_9948,2,0
cv_6021,1,0
cv_9328,1,0
cv_6680,2,0
cv_4067,1,0
cv_9148,1,0
cv_746,2,0
cv_11883,1,0
cv_9326,1,0
cv_3005,3,0
cv_3330,1,0
cv_8621,1,0
cv_4248,2,0
cv_1955,2,0
cv_9959,1,0
cv_1507,2,0
cv_6083,2,0
cv_509,2,0
cv_522,1,0
cv_1712,2,0
cv_7368,2,0
cv_2892,2,0
cv_2971,2,0
cv_1663,2,0
cv_10261,1,0
cv_9384,1,0
cv_5640,2,0
cv_4522,2,0
cv_4523,1,0
cv_4357,3,0
cv_3453,1,0
cv_825,1,0
cv_1599,2,0
cv_10245,1,0
cv_3431,2,0
cv_2898,1,0
cv_4505,3,0
cv_9374,1,0
cv_11209,3,0
cv_7829,1,0
cv_12168,2,0
cv_4578,1,0
cv_9387,1,0
cv_3449,1,0
cv_5722,1,0
cv_10254,1,0
cv_12293,1,0
cv_6918,1,0
cv_675,2,0
cv_11047,1,0
cv_921,1,0
cv_1565,2,0
cv_1764,2,0
cv_3514,2,0
cv_1760,2,0
cv_11086,1,0
cv_1682,3,0
cv_2034,2,0
cv_8190,3,0
cv_2031,1,0
cv_11679,2,0
cv_1991,2,0
cv_6157,2,0
cv_10316,1,0
cv_11966,1,0
cv_12021,1,0
cv_10910,1,0
cv_8185,3,0
cv_3941,2,0
cv_2002,2,0
cv_12399,1,0
cv_2964,1,0
cv_6211,1,0
cv_8269,1,0
cv_9009,1,0
cv_8300,1,0
cv_11982,1,0
cv_2010,2,0
cv_9297,1,0
cv_4998,1,0
cv_8192,2,0
cv_924,2,0
cv_11046,1,0
cv_9195,1,0
cv_8303,1,0
cv_3025,2,0
cv_10302,1,0
cv_1869,3,0
cv_9089,1,0
cv_7043,1,0
cv_5820,1,0
cv_9182,1,0
cv_4993,1,0
cv_5781,1,0
cv_5036,1,0
cv_1369,2,0
cv_5067,2,0
cv_5035,1,0
cv_6504,1,0
cv_5051,2,0
cv_9305,1,0
cv_9144,1,0
cv_344,1,0
cv_10588,1,0
cv_7102,1,0
cv_9145,1,0
cv_571,2,0
cv_12850,1,0
cv_236,3,0
cv_5831,2,0
cv_11733,1,0
cv_6277,2,0
cv_9853,3,0
cv_12745,1,0
cv_3459,1,0
cv_2961,1,0
cv_6449,2,0
cv_4392,2,0
cv_802,1,0
cv_9924,1,0
cv_9146,1,0
cv_9937,1,0
cv_9938,1,0
cv_9939,1,0
cv_9940,2,0
cv_9941,1,0
cv_9944,1,0
cv_9945,2,0
cv_8580,1,0
cv_5258,2,0
cv_8513,1,0
cv_3660,1,0
cv_11381,1,0
cv_6781,2,0
cv_6836,2,0
cv_7172,1,0
cv_328,1,0
cv_6779,2,0
cv_5151,1,0
cv_5280,2,0
cv_5868,2,0
cv_3232,2,0
cv_1928,1,0
cv_5264,1,0
cv_29,2,0
cv_11239,3,0
cv_6685,2,0
cv_11255,2,0
cv_5824,2,0
cv_1324,1,0
cv_1904,1,0
cv_9957,2,0
cv_5811,2,0
cv_155,2,0
cv_10844,1,0
cv_5939,2,0
cv_3807,3,0
cv_9381,1,0
cv_3036,2,0
cv_3795,2,0
cv_3866,2,0
cv_8156,2,0
cv_2921,2,0
cv_5733,1,0
cv_2936,1,0
cv_4513,2,0
cv_5956,3,0
cv_9377,1,0
cv_9401,1,0
cv_3452,1,0
cv_7363,2,0
cv_1968,3,0
cv_10260,1,0
cv_3754,1,0
cv_11369,1,0
cv_510,1,0
cv_9389,1,0
cv_3808,2,0
cv_4568,2,0
cv_13110,1,0
cv_9408,2,0
cv_9418,1,0
cv_3079,2,0
cv_7386,2,0
cv_10270,1,0
cv_11678,2,0
cv_11701,1,0
cv_3504,2,0
cv_11715,1,0
cv_9388,1,0
cv_3834,2,0
cv_5865,3,0
cv_12128,1,0
cv_9033,1,0
cv_2911,1,0
cv_12743,1,0
cv_12206,1,0
cv_9961,2,0
cv_3020,2,0
cv_3366,1,0
cv_1526,2,0
cv_4860,2,0
cv_7384,2,0
cv_10278,1,0
cv_5863,1,0
cv_325,3,0
cv_1674,2,0
cv_1649,2,0
cv_3094,2,0
cv_4339,1,0
cv_1650,2,0
cv_2906,2,0
cv_2974,1,0
cv_11971,1,0
cv_10917,1,0
cv_1728,1,0
cv_9053,1,0
cv_10323,1,0
cv_5174,1,0
cv_1920,1,0
cv_10200,3,0
cv_6882,3,0
cv_5856,3,0
cv_6187,2,0
cv_6162,2,0
cv_11666,1,0
cv_8160,2,0
cv_10902,1,0
cv_8234,1,0
cv_5852,2,0
cv_8195,1,0
cv_10898,1,0
cv_1944,1,0
cv_8168,4,0
cv_4047,2,0
cv_1978,2,0
cv_5279,2,0
cv_11089,1,0
cv_9304,1,0
cv_9847,2,0
cv_1979,3,0
cv_2991,2,0
cv_11064,1,0
cv_11782,1,0
cv_8307,1,0
cv_9308,1,0
cv_8158,2,0
cv_8134,2,0
cv_10921,1,0
cv_6172,2,0
cv_3950,1,0
cv_10911,1,0
cv_12864,1,0
cv_12874,1,0
cv_4958,1,0
cv_7195,2,0
cv_7904,2,0
cv_6586,2,0
cv_9192,1,0
cv_1387,2,0
cv_9175,1,0
cv_9141,1,0
cv_11750,1,0
cv_12888,1,0
cv_9081,1,0
cv_9136,1,0
cv_10801,1,0
cv_6437,2,0
cv_4967,2,0
cv_10546,1,0
cv_240,1,0
cv_857,2,0
cv_6597,2,0
cv_3909,2,0
cv_9125,1,0
cv_5056,2,0
cv_7045,2,0
cv_729,1,0
cv_7090,2,0
cv_5838,2,0
cv_12851,1,0
cv_7056,2,0
cv_5251,2,0
cv_11747,1,0
cv_10526,1,0
cv_6933,2,0
cv_6937,2,0
cv_6954,1,0
cv_194,1,0
cv_6982,2,0
cv_255,1,0
cv_6986,2,0
cv_6991,3,0
cv_343,1,0
cv_6993,2,0
cv_6995,2,0
cv_348,2,0
cv_6998,2,0
cv_7007,1,0
cv_7649,1,0
cv_823,1,0
cv_7012,2,0
cv_824,1,0
cv_973,2,0
cv_7086,3,0
cv_987,2,0
cv_7141,1,0
cv_993,1,0
cv_7143,2,0
cv_1006,2,0
cv_7181,1,0
cv_1019,2,0
cv_7201,2,0
cv_1112,1,0
cv_7205,2,0
cv_3043,2,0
cv_7225,1,0
cv_3404,1,0
cv_7226,2,0
cv_7409,3,0
cv_3589,1,0
cv_7426,1,0
cv_3737,2,0
cv_3766,2,0
cv_7460,1,0
cv_3820,2,0
cv_7512,2,0
cv_7524,2,0
cv_4187,2,0
cv_7527,1,0
cv_4719,2,0
cv_7532,2,0
cv_4721,2,0
cv_7594,1,0
cv_4722,2,0
cv_7605,1,0
cv_4813,1,0
cv_7615,2,0
cv_4865,2,0
cv_7618,1,0
cv_5199,2,0
cv_9841,3,0
cv_7621,2,0
cv_1396,2,0
cv_5201,2,0
cv_7709,1,0
cv_5209,3,0
cv_7769,1,0
cv_5217,2,0
cv_7789,1,0
cv_5218,1,0
cv_7790,2,0
cv_5221,2,0
cv_7803,2,0
cv_7824,2,0
cv_5255,1,0
cv_5190,2,0
cv_5256,2,0
cv_7826,1,0
cv_5269,1,0
cv_7848,1,0
cv_5278,2,0
cv_7854,1,0
cv_5283,1,0
cv_7855,2,0
cv_5360,2,0
cv_7860,1,0
cv_5366,2,0
cv_5377,2,0
cv_142,3,0
cv_7878,3,0
cv_5409,2,0
cv_7895,1,0
cv_5430,1,0
cv_8901,1,0
cv_5432,2,0
cv_8905,1,0
cv_5443,2,0
cv_8908,1,0
cv_5451,2,0
cv_9529,1,0
cv_5486,2,0
cv_9538,1,0
cv_5496,2,0
cv_9539,1,0
cv_5553,3,0
cv_9690,1,0
cv_5575,2,0
cv_9700,3,0
cv_5621,2,0
cv_9703,1,0
cv_5636,1,0
cv_9880,1,0
cv_5639,1,0
cv_9882,1,0
cv_5663,2,0
cv_9883,1,0
cv_9892,2,0
cv_5675,2,0
cv_9896,1,0
cv_5678,2,0
cv_9900,1,0
cv_9902,1,0
cv_11506,2,0
cv_5697,1,0
cv_5731,1,0
cv_5732,3,0
cv_4846,2,0
cv_5736,2,0
cv_5762,1,0
cv_5787,1,0
cv_5790,2,0
cv_6003,1,0
cv_6022,1,0
cv_6304,2,0
cv_6367,1,0
cv_6370,1,0
cv_6384,2,0
cv_6386,2,0
cv_6414,2,0
cv_6523,1,0
cv_6593,1,0
cv_6595,1,0
cv_6769,2,0
cv_6847,3,0
cv_6875,1,0
cv_6913,2,0
cv_6914,2,0
cv_6917,2,0
cv_6923,2,0
cv_6924,2,0
cv_6925,2,0
cv_6929,2,0
cv_1,1,0
cv_9926,1,0
cv_9949,2,0
cv_9951,2,0
cv_9952,2,0
cv_9955,1,0
cv_9956,1,0
cv_12746,2,0
cv_11760,2,0
cv_6790,1,0
cv_12100,1,0
cv_12170,2,0
v042,2,0
cv_9960,1,0
cv_864,1,0
cv_6508,2,0
cv_6795,2,0
cv_11141,1,0
cv_12494,1,0
cv_7630,2,0
cv_6999,2,0
cv_462,2,0
cv_8527,1,0
cv_2024,2,0
cv_6951,2,0
cv_1664,2,0
cv_9364,1,0
cv_2931,1,0
cv_3067,2,0
cv_4546,1,0
cv_2896,2,0
cv_7834,1,0
cv_7823,1,0
cv_3566,2,0
cv_12317,1,0
cv_9352,1,0
cv_9005,1,0
cv_4549,1,0
cv_4364,2,0
cv_7957,2,0
cv_1753,2,0
cv_9390,1,0
cv_12135,1,0
cv_1610,1,0
cv_10272,1,0
cv_4545,2,0
cv_12313,1,0
cv_4580,1,0
cv_1655,2,0
cv_2021,2,0
cv_1748,2,0
cv_11706,1,0
cv_11088,1,0
cv_3948,2,0
cv_5239,2,0
cv_1677,2,0
cv_6174,2,0
cv_10310,1,0
cv_12186,1,0
cv_10940,1,0
cv_1672,2,0
cv_10320,1,0
cv_11688,1,0
cv_10939,1,0
cv_8259,1,0
cv_11720,1,0
cv_11972,1,0
cv_8228,1,0
cv_11771,1,0
cv_5845,2,0
cv_11572,1,0
cv_11964,1,0
cv_8120,2,0
cv_10927,1,0
cv_8304,1,0
cv_8268,2,0
cv_2966,2,0
cv_10946,1,0
cv_8240,1,0
cv_8131,1,0
cv_11968,1,0
cv_8119,2,0
cv_1903,3,0
cv_1897,1,0
cv_1900,2,0
cv_12379,1,0
cv_11056,1,0
cv_1856,2,0
cv_4490,1,0
cv_6420,1,0
cv_7138,1,0
cv_10312,1,0
cv_8005,2,0
cv_6392,2,0
cv_1889,1,0
cv_10831,1,0
cv_275,2,0
cv_10528,2,0
cv_9171,1,0
cv_12887,1,0
cv_10309,1,0
cv_11736,1,0
cv_9122,1,0
cv_6426,2,0
cv_5060,1,0
cv_3879,1,0
cv_6558,2,0
cv_9199,1,0
cv_7096,1,0
cv_5823,2,0
v035,2,0
cv_6568,2,0
cv_6378,2,0
cv_3920,2,0
cv_6475,2,0
cv_3916,2,0
cv_7070,1,0
cv_3887,1,0
cv_3898,2,0
cv_3883,2,0
cv_1397,2,0
cv_5491,2,0
cv_5141,1,0
cv_3485,1,0
cv_7985,1,0
cv_11397,1,0
cv_4823,2,0
cv_11448,1,0
cv_10810,1,0
cv_10502,1,0
cv_4263,1,0
cv_6269,1,0
cv_8014,2,0
cv_5147,1,0
cv_8295,2,0
cv_8894,1,0
cv_11393,2,0
cv_9512,1,0
cv_4100,2,0
cv_2823,2,0
cv_5010,2,0
cv_329,1,0
cv_6239,1,0
cv_11365,2,0
cv_10714,1,0
cv_10715,2,0
cv_10716,1,0
cv_10717,1,0
cv_10718,1,0
cv_10719,1,0
cv_1072,3,0
cv_10720,2,0
cv_10721,1,0
cv_10723,1,0
cv_10724,1,0
cv_10725,1,0
cv_10726,1,0
cv_10727,1,0
cv_10728,1,0
cv_1073,3,0
cv_10770,1,0
cv_10772,1,0
cv_10773,1,0
cv_10774,1,0
cv_10775,1,0
cv_10776,1,0
cv_10777,1,0
cv_11700,2,0
cv_10778,1,0
cv_10779,1,0
cv_1078,2,0
cv_10782,1,0
cv_10783,1,0
cv_10784,1,0
cv_10785,1,0
cv_10786,1,0
cv_10787,1,0
cv_10788,1,0
cv_10789,1,0
cv_1079,1,0
cv_10790,1,0
cv_10792,1,0
cv_10794,1,0
cv_10795,1,0
cv_10796,1,0
cv_10799,1,0
cv_1081,3,0
cv_1082,3,0
cv_1083,3,0
cv_1084,3,0
cv_10849,1,0
cv_1085,3,0
cv_10850,1,0
cv_10851,1,0
cv_10852,1,0
cv_10853,1,0
cv_10854,1,0
cv_10855,1,0
cv_10856,1,0
cv_10857,2,0
cv_10858,1,0
cv_10859,1,0
cv_1086,1,0
cv_10860,1,0
cv_10861,1,0
cv_10862,1,0
cv_10863,1,0
cv_10864,1,0
cv_10865,1,0
cv_10866,1,0
cv_10867,1,0
cv_10868,1,0
cv_10869,1,0
cv_1087,1,0
cv_10870,1,0
cv_10871,1,0
cv_10872,1,0
cv_10873,1,0
cv_10874,1,0
cv_10875,1,0
cv_10876,1,0
cv_10877,1,0
cv_10878,1,0
cv_10879,1,0
cv_1088,2,0
cv_10880,1,0
cv_10881,1,0
cv_10882,1,0
cv_10883,1,0
cv_10884,1,0
cv_10885,1,0
cv_10886,1,0
cv_10887,1,0
cv_10888,1,0
cv_10889,1,0
cv_1089,2,0
cv_10890,1,0
cv_10891,1,0
cv_1497,1,0
cv_1636,2,0
cv_5180,1,0
cv_1165,2,0
cv_1191,2,0
cv_1195,1,0
cv_1209,2,0
cv_121,1,0
cv_1211,2,0
cv_1212,2,0
cv_1215,1,0
cv_1216,2,0
cv_1217,3,0
cv_1219,2,0
cv_122,2,0
cv_1220,2,0
cv_12503,1,0
cv_12504,1,0
cv_9785,1,0
cv_9786,1,0
cv_9787,1,0
cv_9788,1,0
cv_9789,1,0
cv_9790,1,0
cv_9791,1,0
cv_9792,1,0
cv_11286,3,0
cv_9794,1,0
cv_9795,1,0
cv_9796,1,0
cv_9797,1,0
cv_9799,1,0
cv_9800,1,0
cv_9801,1,0
cv_9802,1,0
cv_9803,1,0
cv_9806,1,0
cv_9807,1,0
cv_9808,1,0
cv_9809,1,0
cv_9810,1,0
cv_9811,1,0
cv_9812,2,0
cv_9813,1,0
cv_9814,1,0
cv_9815,1,0
cv_9816,1,0
cv_9817,1,0
cv_9818,1,0
cv_9820,1,0
cv_9821,1,0
cv_9822,1,0
cv_9932,2,0
cv_9823,1,0
cv_9824,1,0
cv_11559,1,0
cv_9825,2,0
cv_9826,1,0
cv_9827,1,0
cv_910,1,0
cv_9828,1,0
cv_9829,1,0
cv_9830,1,0
cv_9831,1,0
cv_9832,1,0
cv_9833,1,0
cv_9834,1,0
cv_9835,2,0
cv_9836,1,0
cv_9837,1,0
cv_9838,1,0
cv_9839,1,0
cv_9844,2,0
cv_9848,2,0
cv_9849,2,0
cv_9850,1,0
cv_9851,1,0
cv_9854,2,0
cv_9855,1,0
cv_9856,1,0
cv_9857,1,0
cv_9858,1,0
cv_9859,1,0
cv_9860,1,0
cv_9861,1,0
cv_9862,1,0
cv_9863,1,0
cv_9864,1,0
cv_9866,1,0
cv_9867,1,0
cv_9868,1,0
cv_9869,1,0
cv_9870,1,0
cv_9871,1,0
cv_9873,1,0
cv_9874,1,0
cv_9876,1,0
cv_9877,1,0
cv_9878,1,0
cv_9923,1,0
cv_9925,1,0
cv_9927,1,0
cv_9928,1,0
cv_9929,1,0
cv_9930,2,0
cv_9931,1,0
cv_9934,1,0
cv_9935,1,0
cv_9936,1,0
cv_9946,1,0
cv_9947,2,0
cv_9958,1,0
cv_9962,2,0
cv_9964,2,0
cv_9965,1,0
cv_9966,1,0
cv_9968,1,0
cv_9969,1,0
cv_8283,2,0
cv_167,1,0
cv_11453,1,0
cv_3969,1,0
cv_3997,2,0
cv_6093,1,0
cv_3989,2,0
cv_9971,1,0
cv_5638,2,0
cv_3078,1,0
cv_4562,1,0
cv_1705,2,0
cv_2929,2,0
cv_6984,2,0
cv_5692,2,0
cv_12115,1,0
cv_1709,2,0
cv_12116,1,0
cv_5681,1,0
cv_11460,1,0
cv_1666,2,0
cv_4532,2,0
cv_3800,2,0
cv_10279,1,0
cv_9362,1,0
cv_9366,1,0
cv_5883,2,0
cv_4524,1,0
cv_12327,1,0
cv_3850,2,0
cv_8293,1,0
cv_2926,2,0
cv_9370,1,0
cv_9399,1,0
cv_12109,1,0
cv_3049,2,0
cv_9391,1,0
cv_3433,2,0
cv_4571,1,0
cv_3082,2,0
cv_1778,2,0
cv_12195,1,0
cv_7366,2,0
cv_4500,2,0
cv_3843,2,0
cv_2022,2,0
cv_831,1,0
cv_5889,1,0
cv_12114,1,0
cv_12133,1,0
cv_12336,1,0
cv_1643,2,0
cv_9406,1,0
cv_12324,1,0
cv_12153,1,0
cv_5689,1,0
cv_4530,2,0
cv_2887,3,0
cv_4558,2,0
cv_9354,1,0
cv_1687,2,0
cv_9038,1,0
cv_9031,1,0
cv_1675,2,0
cv_1755,2,0
cv_3719,3,0
cv_12767,1,0
cv_2925,1,0
cv_12337,1,0
cv_6169,2,0
cv_11709,1,0
cv_12764,1,0
cv_4369,1,0
cv_4046,2,0
cv_8251,1,0
cv_11986,1,0
cv_1700,2,0
cv_1658,2,0
cv_12762,1,0
cv_12209,1,0
cv_2882,2,0
cv_4057,3,0
cv_6167,1,0
cv_8126,2,0
cv_10897,1,0
cv_1859,3,0
cv_11980,1,0
cv_1921,3,0
cv_12776,1,0
cv_1996,2,0
cv_11588,1,0
cv_8261,1,0
cv_9307,1,0
cv_11663,2,0
cv_12349,1,0
cv_8141,2,0
cv_11774,1,0
cv_11560,1,0
cv_8150,2,0
cv_11053,1,0
cv_12384,1,0
v046,2,0
cv_9185,1,0
cv_4043,2,0
cv_8142,2,0
cv_4061,2,0
cv_3357,1,0
cv_10933,1,0
cv_8247,1,0
cv_12354,1,0
cv_4810,1,0
cv_1899,1,0
cv_10579,1,0
cv_9314,1,0
cv_8306,1,0
cv_11746,1,0
cv_6188,2,0
cv_12393,1,0
cv_12373,1,0
cv_12362,1,0
cv_12367,1,0
cv_9186,1,0
cv_5057,1,0
cv_8198,1,0
cv_8163,2,0
cv_9176,1,0
cv_10575,1,0
cv_10535,1,0
cv_10556,1,0
cv_9149,1,0
cv_10538,1,0
cv_4399,2,0
cv_4396,2,0
cv_3482,1,0
cv_6325,2,0
cv_10845,1,0
cv_7135,2,0
cv_4997,2,0
cv_4985,1,0
cv_7030,1,0
cv_4963,2,0
cv_6349,2,0
cv_3245,3,0
cv_10527,1,0
cv_1350,1,0
cv_12857,1,0
cv_770,1,0
cv_242,2,0
cv_7009,1,0
cv_5026,2,0
cv_12869,1,0
cv_1389,2,0
cv_8018,2,0
cv_7917,1,0
cv_12880,1,0
cv_10550,1,0
cv_3875,2,0
cv_6501,1,0
cv_4964,2,0
cv_12883,1,0
cv_4975,2,0
cv_238,1,0
cv_10543,1,0
cv_863,2,0
cv_266,2,0
cv_230,1,0
cv_3917,1,0
cv_278,2,0
cv_3092,2,0
cv_6560,3,0
cv_5967,2,0
cv_324,1,0
cv_88,1,0
cv_3957,2,0
cv_7677,2,0
cv_9612,1,0
v044,2,0
cv_1580,2,0
cv_11403,1,0
cv_6070,1,0
cv_1047,2,0
cv_1048,3,0
cv_1050,1,0
cv_1051,2,0
cv_1052,1,0
cv_1054,1,0
cv_1055,2,0
cv_1057,2,0
cv_1058,2,0
cv_1060,2,0
cv_1061,2,0
cv_1062,2,0
cv_1063,2,0
cv_1065,1,0
cv_1066,1,0
cv_10663,1,0
cv_10664,1,0
cv_10665,2,0
cv_10666,1,0
cv_10668,1,0
cv_10669,1,0
cv_10670,1,0
cv_10671,1,0
cv_10672,1,0
cv_10674,1,0
cv_10675,1,0
cv_10676,1,0
cv_10677,1,0
cv_10710,1,0
cv_10712,1,0
cv_10713,1,0
cv_10730,1,0
cv_10732,1,0
cv_10733,1,0
cv_10734,2,0
cv_10735,1,0
cv_10736,1,0
cv_10737,1,0
cv_10739,1,0
cv_1074,2,0
cv_10741,1,0
cv_10742,1,0
cv_10743,1,0
cv_10744,1,0
cv_10745,1,0
cv_10746,1,0
cv_10749,1,0
cv_1075,2,0
cv_10750,1,0
cv_10754,1,0
cv_10755,1,0
cv_10756,1,0
cv_10757,1,0
cv_10758,1,0
cv_1076,1,0
cv_10760,1,0
cv_10763,1,0
cv_10765,1,0
cv_10766,1,0
cv_1077,2,0
cv_10771,1,0
cv_10892,1,0
cv_10893,1,0
cv_1090,3,0
cv_1091,3,0
cv_1092,3,0
cv_1093,1,0
cv_1094,1,0
cv_1095,4,0
cv_1096,3,0
cv_1097,1,0
cv_1099,3,0
cv_11,1,0
cv_1100,2,0
cv_1101,2,0
cv_1102,1,0
cv_1103,2,0
cv_1104,1,0
cv_1106,3,0
cv_1107,1,0
cv_1108,3,0
cv_8585,2,0
cv_1109,2,0
cv_1110,2,0
cv_1113,2,0
cv_1115,2,0
cv_3992,2,0
cv_1116,1,0
cv_9397,1,0
cv_3434,3,0
cv_1739,1,0
cv_515,1,0
cv_4529,2,0
cv_9361,1,0
cv_2902,2,0
cv_1707,2,0
cv_9420,1,0
cv_1713,2,0
cv_1966,2,0
cv_3261,2,0
cv_3962,2,0
cv_5724,3,0
cv_1602,1,0
cv_6054,1,0
cv_2025,2,0
cv_2880,2,0
cv_518,1,0
cv_5653,2,0
cv_9423,1,0
v048,2,0
cv_9043,1,0
cv_2930,2,0
cv_8275,1,0
cv_4518,2,0
cv_12124,1,0
cv_9310,1,0
cv_7993,2,0
cv_7405,2,0
cv_12216,1,0
cv_2895,1,0
cv_3038,2,0
cv_9341,1,0
cv_3441,1,0
cv_12760,1,0
cv_1743,2,0
cv_12140,1,0
cv_1630,2,0
cv_4563,1,0
cv_7408,2,0
cv_7339,2,0
cv_9422,1,0
cv_3829,3,0
cv_9379,1,0
cv_1652,2,0
cv_11718,1,0
cv_4509,1,0
cv_5717,2,0
cv_7443,2,0
cv_10252,1,0
cv_3053,2,0
cv_9385,1,0
cv_1617,1,0
cv_11710,1,0
cv_11690,1,0
cv_12742,1,0
cv_1725,2,0
cv_4503,1,0
cv_6904,2,0
cv_12028,1,0
cv_12144,1,0
cv_9068,1,0
cv_8226,1,0
cv_12321,1,0
cv_11707,1,0
cv_1943,1,0
cv_12296,1,0
cv_1987,2,0
cv_3944,2,0
cv_8208,1,0
cv_8138,2,0
cv_11061,1,0
cv_1932,2,0
cv_5944,1,0
cv_8206,1,0
cv_8148,3,0
cv_11071,1,0
cv_10938,1,0
cv_12012,1,0
cv_8191,1,0
cv_8250,1,0
cv_11962,1,0
cv_11579,1,0
cv_5905,2,0
cv_8309,1,0
cv_8245,1,0
cv_11566,1,0
cv_10907,1,0
cv_11077,1,0
cv_8128,2,0
cv_3947,2,0
cv_12372,1,0
cv_6165,1,0
cv_8280,1,0
cv_11775,1,0
cv_7066,2,0
cv_5940,2,0
cv_1940,2,0
cv_11041,2,0
cv_10328,1,0
cv_5923,1,0
cv_3579,1,0
cv_1359,1,0
cv_11054,1,0
cv_12872,1,0
cv_2009,2,0
cv_6368,2,0
cv_6491,1,0
cv_1895,2,0
cv_7052,2,0
cv_1863,2,0
cv_1379,1,0
cv_10572,1,0
cv_4972,2,0
cv_10829,1,0
cv_9090,1,0
cv_4971,2,0
cv_10827,1,0
cv_1362,1,0
cv_4968,1,0
cv_3872,2,0
cv_3581,1,0
cv_6276,2,0
cv_7115,1,0
cv_6548,1,0
cv_5027,1,0
cv_281,1,0
cv_5760,1,0
cv_10839,1,0
cv_11748,1,0
cv_7037,1,0
cv_10557,1,0
cv_6468,2,0
cv_1390,1,0
cv_10834,1,0
cv_11576,1,0
cv_5050,2,0
cv_576,2,0
cv_10581,1,0
cv_6409,2,0
cv_6374,2,0
cv_12861,1,0
cv_575,1,0
cv_10840,1,0
cv_3090,2,0
cv_7034,2,0
cv_703,1,0
cv_5039,1,0
cv_258,1,0
cv_7011,2,0
cv_1374,2,0
cv_1344,2,0
cv_3886,1,0
cv_10837,1,0
cv_7124,1,0
cv_3130,2,0
cv_6575,1,0
cv_763,2,0
cv_1688,2,0
cv_6854,1,0
cv_34,1,0
cv_6096,2,0
cv_6025,1,0
cv_10366,1,0
cv_10367,1,0
cv_10368,1,0
cv_10369,1,0
cv_10370,1,0
cv_10371,1,0
cv_10372,1,0
cv_10373,1,0
cv_10374,1,0
cv_10375,1,0
cv_10376,1,0
cv_10377,1,0
cv_10378,1,0
cv_10379,1,0
cv_1038,2,0
cv_10380,1,0
cv_10381,1,0
cv_10382,1,0
cv_10383,1,0
cv_10384,1,0
cv_10385,1,0
cv_10386,1,0
cv_10387,1,0
cv_10388,1,0
cv_10389,1,0
cv_1039,1,0
cv_10390,1,0
cv_10391,1,0
cv_10392,1,0
cv_10393,1,0
cv_10394,1,0
cv_942,2,0
cv_10395,1,0
cv_10396,1,0
cv_10397,1,0
cv_5618,2,0
cv_10398,1,0
cv_9405,1,0
cv_10399,1,0
cv_1040,2,0
cv_7398,2,0
cv_10400,1,0
cv_10401,1,0
cv_5716,2,0
cv_10402,1,0
cv_10403,1,0
cv_9402,1,0
cv_10404,1,0
cv_10405,1,0
cv_3797,2,0
cv_10406,1,0
cv_10407,1,0
cv_1041,2,0
cv_1042,2,0
cv_3070,1,0
cv_1043,2,0
cv_3444,3,0
cv_1046,2,0
cv_1784,1,0
cv_1056,2,0
cv_10679,1,0
cv_1068,1,0
cv_10680,1,0
cv_10681,1,0
cv_10682,1,0
cv_10683,1,0
cv_5719,1,0
cv_10684,1,0
cv_10685,1,0
cv_3450,1,0
cv_10686,1,0
cv_10687,1,0
cv_7886,2,0
cv_10688,1,0
cv_10689,1,0
cv_3075,2,0
cv_1069,3,0
cv_10690,1,0
cv_10691,1,0
cv_12112,1,0
cv_10692,1,0
cv_10693,1,0
cv_4520,3,0
cv_10694,1,0
cv_10695,1,0
cv_3028,1,0
cv_10696,1,0
cv_10697,1,0
cv_12122,1,0
cv_10698,1,0
cv_10699,1,0
cv_1070,1,0
cv_5888,1,0
cv_10700,1,0
cv_10701,1,0
cv_7868,1,0
cv_10702,1,0
cv_10703,1,0
cv_10704,1,0
cv_6950,2,0
cv_10705,1,0
cv_1680,2,0
cv_10707,1,0
cv_10708,1,0
cv_8212,2,0
cv_10709,1,0
cv_1071,1,0
cv_940,2,0
cv_10711,1,0
cv_1117,2,0
cv_1763,2,0
cv_11177,1,0
cv_3085,2,0
cv_11178,1,0
cv_11179,1,0
cv_1118,1,0
cv_1967,2,0
cv_11180,1,0
cv_11181,1,0
cv_11182,1,0
cv_11183,1,0
cv_5620,2,0
cv_11185,1,0
cv_11186,1,0
cv_10273,1,0
cv_1119,2,0
cv_7394,2,0
cv_11192,1,0
cv_11193,1,0
cv_11194,1,0
cv_12217,1,0
cv_12127,1,0
cv_11196,1,0
cv_11197,1,0
cv_5890,2,0
cv_11199,1,0
cv_1765,2,0
cv_1120,2,0
cv_11200,1,0
cv_5904,1,0
cv_11202,1,0
cv_1190,2,0
cv_1193,1,0
cv_1196,2,0
cv_1197,2,0
cv_1198,2,0
cv_2975,1,0
cv_1199,1,0
cv_1200,2,0
cv_1201,1,0
cv_1202,1,0
cv_1203,2,0
cv_1749,2,0
cv_1204,2,0
cv_1205,2,0
cv_1791,2,0
cv_1206,2,0
cv_4506,1,0
cv_2899,1,0
cv_9003,1,0
cv_10280,1,0
cv_12319,1,0
cv_1638,2,0
cv_2876,3,0
cv_1678,2,0
cv_1611,1,0
cv_1719,2,0
cv_1789,2,0
cv_7369,2,0
cv_11677,2,0
cv_12774,1,0
cv_2940,2,0
cv_108,1,0
cv_13111,1,0
cv_148,2,0
cv_12167,1,0
cv_1918,1,0
cv_12301,1,0
cv_11075,1,0
cv_1627,2,0
cv_9029,1,0
cv_10322,2,0
cv_12029,1,0
cv_11577,1,0
cv_11556,1,0
cv_8238,1,0
cv_9006,1,0
cv_10296,1,0
cv_2053,2,0
cv_4483,2,0
cv_11084,1,0
cv_2038,2,0
cv_8302,1,0
cv_1961,3,0
cv_2049,2,0
cv_12006,1,0
cv_12022,1,0
cv_10901,1,0
cv_10913,1,0
cv_10321,1,0
cv_7970,2,0
cv_8248,1,0
cv_1691,2,0
cv_10298,1,0
cv_8213,1,0
cv_12403,1,0
cv_9329,1,0
cv_12000,1,0
cv_12360,1,0
cv_2967,2,0
cv_12390,1,0
cv_12361,1,0
cv_11094,1,0
cv_12868,1,0
cv_1933,1,0
cv_1861,2,0
cv_12371,1,0
cv_6290,1,0
cv_1603,2,0
cv_10311,1,0
cv_12008,1,0
cv_9322,1,0
cv_6190,1,0
cv_4487,2,0
cv_2003,2,0
cv_9131,1,0
cv_11065,1,0
cv_12893,1,0
cv_7004,2,0
cv_11776,1,0
cv_10823,1,0
cv_11569,1,0
cv_4398,2,0
cv_7091,1,0
cv_6418,2,0
cv_4376,3,0
cv_7092,2,0
cv_1890,3,0
cv_5001,1,0
cv_7000,2,0
cv_6415,2,0
cv_10548,1,0
cv_1351,3,0
cv_3599,1,0
cv_11096,2,0
cv_5840,2,0
cv_10582,1,0
cv_7131,2,0
cv_10586,1,0
cv_7937,2,0
cv_5802,2,0
cv_5012,2,0
cv_7059,2,0
cv_1404,2,0
cv_9083,1,0
cv_6288,2,0
cv_9188,1,0
cv_6282,2,0
cv_9104,1,0
cv_4381,2,0
cv_5832,1,0
cv_6379,2,0
cv_268,2,0
cv_5819,1,0
cv_6305,2,0
cv_7033,2,0
cv_800,1,0
cv_3369,3,0
cv_6355,1,0
cv_4957,1,0
cv_693,2,0
cv_237,1,0
cv_7050,2,0
cv_5015,2,0
cv_3902,2,0
cv_5818,2,0
cv_807,2,0
cv_5062,3,0
cv_11752,1,0
cv_11738,1,0
cv_4966,1,0
cv_6301,2,0
cv_1249,1,0
cv_1613,1,0
cv_3279,1,0
cv_5111,1,0
cv_1681,2,0
cv_3258,2,0
cv_3077,2,0
cv_2941,2,0
cv_2916,2,0
cv_9261,2,0
cv_3851,2,0
cv_2891,1,0
cv_6949,2,0
cv_5646,1,0
cv_12310,1,0
cv_7370,2,0
cv_12118,1,0
cv_1972,2,0
cv_12139,1,0
cv_1660,2,0
cv_12120,1,0
cv_12756,1,0
cv_5902,2,0
cv_7413,1,0
cv_4551,1,0
cv_4042,1,0
cv_10294,1,0
cv_4540,1,0
cv_4793,1,0
cv_5972,2,0
cv_94,1,0
cv_508,2,0
cv_7391,1,0
cv_12309,1,0
cv_3796,2,0
cv_12338,1,0
cv_1771,2,0
cv_12146,1,0
cv_11704,1,0
cv_3042,2,0
cv_13108,1,0
cv_1758,2,0
cv_4582,2,0
cv_11691,1,0
cv_4826,1,0
cv_3046,1,0
cv_1670,2,0
cv_4367,1,0
cv_4526,2,0
cv_1722,2,0
cv_5862,2,0
cv_12768,1,0
cv_1762,2,0
cv_10266,1,0
cv_12340,1,0
cv_3021,2,0
cv_9026,1,0
cv_5928,1,0
cv_2889,1,0
cv_12766,1,0
cv_6155,2,0
cv_11063,1,0
cv_8161,2,0
cv_2894,2,0
cv_3706,2,0
cv_10288,1,0
cv_10324,1,0
cv_7965,2,0
cv_9042,1,0
cv_9067,1,0
cv_5896,3,0
cv_4496,2,0
cv_8186,1,0
cv_6173,2,0
cv_10924,1,0
cv_1937,2,0
cv_11977,1,0
cv_8246,1,0
cv_11988,1,0
cv_2028,2,0
cv_3176,2,0
cv_6182,3,0
cv_6158,2,0
cv_12009,1,0
cv_11565,1,0
cv_10330,1,0
cv_6153,2,0
cv_7978,3,0
cv_8218,1,0
cv_11969,1,0
cv_6205,2,0
cv_11770,1,0
cv_10947,1,0
cv_9302,1,0
cv_10314,1,0
cv_5857,2,0
cv_6152,1,0
cv_5879,2,0
cv_11772,1,0
cv_1882,1,0
cv_5822,2,0
cv_5797,2,0
cv_10574,1,0
cv_7340,2,0
cv_1365,2,0
cv_6348,3,0
cv_12402,1,0
cv_6356,1,0
cv_6547,2,0
cv_9327,1,0
cv_12391,1,0
cv_3884,1,0
cv_9173,1,0
cv_1346,2,0
cv_5055,1,0
cv_6452,2,0
cv_11754,1,0
cv_7940,3,0
cv_5053,1,0
cv_10563,2,0
cv_10589,1,0
cv_10843,1,0
cv_3874,1,0
cv_267,2,0
cv_3585,2,0
cv_5063,1,0
cv_9110,1,0
cv_5023,3,0
cv_6399,2,0
cv_9094,1,0
cv_9168,1,0
cv_1360,2,0
cv_4983,2,0
cv_2996,2,0
cv_11749,1,0
cv_9190,1,0
cv_9180,1,0
cv_4377,1,0
cv_5836,2,0
cv_5783,1,0
cv_11725,1,0
cv_7119,2,0
cv_1349,3,0
cv_4969,1,0
cv_3892,1,0
cv_23,1,0
cv_321,2,0
cv_3584,4,0
cv_9761,1,0
cv_3121,2,0
cv_5693,1,0
cv_6664,2,0
cv_4673,1,0
cv_6631,1,0
cv_10080,1,0
cv_6098,2,0
cv_3651,1,0
cv_5665,2,0
cv_9419,1,0
cv_11336,2,0
cv_2919,1,0
cv_12107,1,0
cv_1708,2,0
cv_7438,1,0
cv_1606,2,0
cv_1697,2,0
cv_511,2,0
cv_2934,2,0
cv_7867,1,0
cv_5651,2,0
cv_5720,2,0
cv_3073,2,0
cv_12121,1,0
cv_1917,2,0
cv_3839,2,0
cv_3799,2,0
cv_3833,2,0
cv_3068,1,0
cv_1665,2,0
cv_8263,1,0
cv_3861,2,0
cv_7407,2,0
cv_3035,2,0
cv_1600,2,0
cv_9355,1,0
cv_9416,1,0
cv_3037,1,0
cv_1662,2,0
cv_9346,1,0
cv_12339,1,0
cv_1683,1,0
cv_12111,1,0
cv_4573,2,0
cv_12110,1,0
cv_3051,2,0
cv_4534,1,0
cv_5937,1,0
cv_3752,1,0
cv_941,2,0
cv_1913,3,0
cv_7882,1,0
cv_9313,1,0
cv_12130,1,0
cv_3844,2,0
cv_3432,2,0
cv_9386,1,0
cv_11162,2,0
cv_9414,1,0
cv_11695,1,0
cv_4504,1,0
cv_7393,1,0
cv_9410,1,0
cv_6975,2,0
cv_10290,1,0
cv_9412,1,0
cv_10256,1,0
cv_5704,1,0
cv_9395,1,0
cv_12749,1,0
cv_4536,1,0
cv_12753,1,0
cv_7383,2,0
cv_2877,1,0
cv_1676,2,0
cv_783,1,0
cv_12178,1,0
cv_12196,1,0
cv_1973,2,0
cv_6946,2,0
cv_1769,2,0
cv_12132,1,0
cv_9356,1,0
cv_4531,1,0
cv_11676,1,0
cv_12306,1,0
cv_3711,2,0
cv_12741,1,0
cv_1744,2,0
cv_12307,1,0
cv_9345,1,0
cv_1684,2,0
cv_11717,1,0
cv_12747,1,0
cv_3249,2,0
cv_1696,2,0
cv_11680,2,0
cv_1727,3,0
cv_1766,1,0
cv_12176,1,0
cv_6900,2,0
cv_3251,2,0
cv_9041,1,0
cv_9065,1,0
cv_1698,2,0
cv_2924,2,0
cv_9064,1,0
cv_12149,1,0
cv_9025,1,0
cv_11692,1,0
cv_12770,1,0
cv_12335,1,0
cv_9061,1,0
cv_12744,1,0
cv_2832,1,0
cv_12172,1,0
cv_2939,2,0
cv_12185,1,0
cv_9004,1,0
cv_8231,1,0
cv_9073,1,0
cv_9027,1,0
cv_6894,2,0
cv_7959,2,0
cv_13109,1,0
cv_2881,1,0
cv_2886,1,0
cv_7379,1,0
cv_12027,1,0
cv_8171,2,0
cv_7952,2,0
cv_12171,1,0
cv_10908,1,0
cv_12184,1,0
cv_11975,1,0
cv_1959,2,0
cv_8278,1,0
cv_8178,2,0
cv_1704,2,0
cv_8299,1,0
cv_12018,1,0
cv_10906,1,0
cv_11574,1,0
cv_10943,1,0
cv_3936,2,0
cv_11092,1,0
cv_8216,1,0
cv_2969,2,0
cv_11999,1,0
cv_7972,2,0
cv_8291,1,0
cv_8661,1,0
cv_7292,2,0
cv_4474,1,0
cv_10945,1,0
cv_3937,1,0
cv_11551,1,0
cv_11584,1,0
cv_8239,1,0
cv_4492,1,0
cv_7951,2,0
cv_7964,2,0
cv_11069,1,0
cv_6180,2,0
cv_10918,1,0
cv_4048,2,0
cv_1985,2,0
cv_10905,1,0
cv_8241,1,0
cv_2004,2,0
cv_11967,1,0
cv_2043,2,0
cv_11058,2,0
cv_10899,1,0
cv_4484,1,0
cv_12355,1,0
cv_10317,1,0
cv_11992,1,0
cv_11044,1,0
cv_10941,1,0
cv_1965,2,0
cv_8170,2,0
cv_11068,1,0
cv_8154,3,0
cv_8182,3,0
cv_1998,2,0
cv_8159,2,0
cv_8122,2,0
cv_1936,1,0
cv_4476,3,0
cv_8217,1,0
cv_9300,1,0
cv_4062,2,0
cv_9316,1,0
cv_7374,2,0
cv_9309,1,0
cv_4045,1,0
cv_9325,1,0
cv_150,2,0
cv_10299,1,0
cv_12398,1,0
cv_7968,1,0
cv_1934,2,0
cv_12389,1,0
cv_8229,1,0
cv_3988,2,0
cv_9330,1,0
cv_12375,1,0
cv_2015,2,0
cv_10539,1,0
cv_9085,1,0
cv_1862,1,0
cv_10577,1,0
cv_3940,2,0
cv_10597,1,0
cv_6581,2,0
cv_4493,2,0
cv_9150,1,0
cv_5008,2,0
cv_12392,1,0
cv_9183,1,0
cv_4999,1,0
cv_4979,2,0
cv_12377,1,0
cv_9127,1,0
cv_270,2,0
cv_3479,2,0
cv_1839,2,0
cv_7044,1,0
cv_9091,1,0
cv_5755,3,0
cv_688,2,0
cv_7903,3,0
cv_6395,2,0
cv_3880,2,0
cv_4961,2,0
cv_3487,1,0
cv_3915,2,0
cv_1367,2,0
cv_279,1,0
cv_3461,1,0
cv_4486,1,0
cv_5032,1,0
cv_7068,2,0
cv_6404,1,0
cv_1356,1,0
cv_1401,2,0
cv_11726,1,0
cv_11744,1,0
cv_276,1,0
cv_7053,1,0
cv_5746,1,0
cv_9128,1,0
cv_9155,1,0
cv_10809,1,0
cv_6334,1,0
cv_3601,1,0
cv_10544,1,0
cv_7003,2,0
cv_3869,1,0
cv_6455,2,0
cv_12862,1,0
cv_6594,2,0
cv_574,1,0
cv_12879,1,0
cv_6457,2,0
cv_6308,2,0
cv_9194,1,0
cv_245,1,0
cv_5021,2,0
cv_9157,1,0
cv_4389,2,0
cv_6326,2,0
cv_11724,1,0
cv_3923,2,0
cv_3914,2,0
cv_1253,1,0
cv_9119,1,0
cv_7058,2,0
cv_5743,1,0
cv_9120,1,0
cv_9161,1,0
cv_7936,2,0
cv_6440,2,0
cv_1384,1,0
cv_1458,1,0
cv_1373,1,0
cv_6357,1,0
cv_235,1,0
cv_3466,3,0
cv_6434,1,0
cv_3908,2,0
cv_5526,2,0
cv_9756,1,0
cv_7663,1,0
cv_7343,1,0
cv_8015,2,0
cv_12574,1,0
cv_7488,1,0
cv_3416,2,0
cv_5566,2,0
cv_7364,2,0
cv_9204,1,0
cv_7367,3,0
cv_7632,2,0
cv_1151,2,0
cv_7567,2,0
cv_7334,2,0
cv_3456,1,0
cv_2903,2,0
cv_4574,2,0
cv_12136,1,0
cv_7830,3,0
cv_2883,1,0
cv_3826,2,0
cv_5669,1,0
cv_7873,1,0
cv_12123,1,0
cv_5705,2,0
cv_4313,1,0
cv_11672,2,0
cv_10263,1,0
cv_7417,1,0
cv_7419,1,0
cv_12113,1,0
cv_12304,1,0
cv_10264,1,0
cv_2905,1,0
cv_1615,2,0
cv_12205,1,0
cv_1410,3,0
cv_8244,1,0
cv_8199,1,0
cv_7553,1,0
cv_2890,3,0
cv_12330,1,0
cv_2994,2,0
cv_10276,1,0
cv_12400,1,0
cv_7430,2,0
cv_3806,2,0
cv_7863,1,0
cv_6952,2,0
cv_8262,1,0
cv_3819,2,0
cv_12328,1,0
cv_1970,2,0
cv_1911,3,0
cv_7416,2,0
cv_12219,1,0
cv_3439,2,0
cv_7883,1,0
cv_10265,1,0
cv_3830,2,0
cv_9409,1,0
cv_5673,2,0
cv_5897,1,0
cv_7832,2,0
cv_5699,2,0
cv_517,1,0
cv_10284,1,0
cv_11693,1,0
cv_4502,1,0
cv_9071,1,0
cv_3854,1,0
cv_1654,2,0
cv_4516,2,0
cv_2915,1,0
cv_12763,1,0
cv_7440,2,0
cv_1726,3,0
cv_1747,2,0
cv_9013,1,0
cv_9340,1,0
cv_1783,2,0
cv_12194,1,0
cv_8155,2,0
cv_6965,1,0
cv_12777,1,0
cv_9069,1,0
cv_7418,2,0
cv_12332,1,0
cv_1699,2,0
cv_1787,2,0
cv_2875,2,0
cv_6886,3,0
cv_9039,1,0
cv_8481,1,0
cv_1761,2,0
cv_7415,2,0
cv_11985,1,0
cv_1981,2,0
cv_12877,1,0
cv_8146,2,0
cv_8127,3,0
cv_11987,1,0
cv_10900,1,0
cv_10329,1,0
cv_11062,1,0
cv_9342,1,0
cv_11783,1,0
cv_8286,1,0
cv_8203,1,0
cv_4053,2,0
cv_6183,1,0
cv_11785,1,0
cv_6160,1,0
cv_8194,2,0
cv_1983,2,0
cv_12350,1,0
cv_10325,1,0
cv_11043,1,0
cv_10303,1,0
cv_11052,1,0
cv_735,2,0
cv_11050,1,0
cv_4497,2,0
cv_9296,1,0
cv_3565,1,0
cv_8181,3,0
cv_12395,1,0
cv_8180,3,0
cv_12876,1,0
cv_9306,1,0
cv_12358,1,0
cv_11589,1,0
cv_9303,1,0
cv_11728,1,0
cv_10812,1,0
cv_12368,1,0
cv_6565,2,0
cv_7028,1,0
cv_10558,1,0
cv_1893,1,0
cv_6274,2,0
cv_8249,1,0
cv_5020,1,0
cv_12873,1,0
cv_3921,1,0
cv_9174,1,0
cv_3087,2,0
cv_10813,1,0
cv_9154,1,0
cv_7069,1,0
cv_5839,2,0
cv_12891,1,0
cv_12885,1,0
cv_7925,2,0
cv_3583,1,0
cv_10542,1,0
cv_1386,2,0
cv_6359,2,0
cv_10551,1,0
cv_9156,1,0
cv_5655,1,0
cv_9098,1,0
cv_5758,1,0
cv_3896,2,0
cv_10568,3,0
cv_10598,1,0
cv_3595,1,0
v006,1,0
cv_1395,1,0
cv_5009,3,0
cv_3596,1,0
cv_6467,2,0
cv_12865,1,0
cv_6444,2,0
cv_3729,2,0
cv_9102,1,0
cv_12870,1,0
cv_6590,2,0
cv_3913,2,0
cv_4994,2,0
cv_7118,1,0
cv_269,2,0
cv_244,3,0
cv_3903,2,0
cv_801,1,0
cv_5753,1,0
cv_3893,2,0
cv_10529,1,0
cv_2998,2,0
cv_1385,1,0
cv_5058,1,0
cv_5774,1,0
cv_233,2,0
cv_1366,2,0
cv_7434,1,0
cv_2927,2,0
cv_2048,2,0
cv_5685,2,0
cv_4365,1,0
cv_2897,1,0
cv_12769,1,0
cv_3248,2,0
cv_11687,1,0
cv_10271,1,0
cv_1626,2,0
cv_12024,1,0
cv_1853,3,0
cv_9311,1,0
cv_11554,1,0
cv_6416,2,0
cv_7114,2,0
cv_6439,1,0
cv_4995,2,0
cv_10145,1,0
cv_6385,2,0
cv_7128,2,0
cv_247,2,0
cv_7327,2,0
cv_6007,2,0
cv_5918,3,0
cv_35,1,0
cv_5696,2,0
cv_10251,1,0
cv_1646,2,0
cv_4356,2,0
cv_10914,1,0
cv_2007,1,0
cv_6343,1,0
cv_6438,2,0
cv_7660,2,0
cv_1035,1,0
cv_7305,2,0
cv_1121,1,0
cv_11210,1,0
cv_11212,1,0
cv_11213,1,0
cv_11214,1,0
cv_11216,1,0
cv_11217,1,0
cv_11219,1,0
cv_11221,1,0
cv_11222,1,0
cv_1123,1,0
cv_1124,2,0
cv_1126,2,0
cv_1127,2,0
cv_1128,3,0
cv_1129,2,0
cv_1132,3,0
cv_9453,1,0
cv_1133,1,0
cv_1134,3,0
cv_1135,2,0
cv_1136,2,0
cv_1137,1,0
cv_1138,2,0
cv_1139,1,0
cv_1140,1,0
cv_1161,2,0
cv_1218,2,0
cv_2180,2,0
cv_2181,1,0
cv_2182,1,0
cv_2183,2,0
cv_2184,2,0
cv_2185,1,0
cv_2186,2,0
cv_2187,2,0
cv_2188,2,0
cv_2189,1,0
cv_2190,1,0
cv_2191,1,0
cv_5541,2,0
cv_2192,2,0
cv_2193,1,0
cv_2194,2,0
cv_2195,2,0
cv_2196,1,0
cv_2197,1,0
cv_2198,2,0
cv_2199,2,0
cv_7342,1,0
cv_2200,2,0
cv_2201,1,0
cv_2202,3,0
cv_2203,3,0
cv_2204,2,0
cv_2205,2,0
cv_2206,2,0
cv_2207,2,0
cv_2208,2,0
cv_2209,2,0
cv_2210,1,0
cv_2211,2,0
cv_2212,2,0
cv_2213,2,0
cv_2214,2,0
cv_2215,1,0
cv_2216,1,0
cv_2217,1,0
cv_2219,1,0
cv_2220,2,0
cv_2221,3,0
cv_2222,2,0
cv_2223,1,0
cv_2224,2,0
cv_2225,2,0
cv_2226,1,0
cv_2227,2,0
cv_2932,2,0
cv_2935,1,0
cv_2937,1,0
cv_5806,2,0
cv_5807,2,0
cv_5809,2,0
cv_581,2,0
cv_5813,1,0
cv_582,1,0
cv_5821,2,0
cv_5827,2,0
cv_5828,2,0
cv_9970,1,0
cv_5609,2,0
cv_7497,2,0
cv_5559,2,0
cv_7397,2,0
cv_813,1,0
cv_212,2,0
cv_256,1,0
cv_1457,2,0
cv_7296,2,0
cv_5555,2,0
cv_7308,2,0
cv_744,1,0
cv_7231,2,0
cv_3515,2,0
cv_7494,2,0
cv_250,2,0
cv_259,1,0
cv_3655,2,0
cv_5584,2,0
cv_7307,1,0
cv_661,1,0
cv_3423,2,0
cv_3424,2,0
cv_3425,1,0
cv_3426,3,0
cv_3427,1,0
cv_3428,2,0
cv_3429,1,0
cv_3430,3,0
cv_3438,1,0
cv_3440,2,0
cv_3446,2,0
cv_3448,1,0
cv_3878,2,0
cv_3882,1,0
cv_3885,2,0
cv_3889,1,0
cv_3890,2,0
cv_3891,2,0
cv_3895,2,0
cv_547,1,0
cv_548,1,0
cv_549,1,0
cv_551,1,0
cv_552,1,0
cv_553,1,0
cv_554,1,0
cv_558,2,0
cv_559,1,0
cv_560,1,0
cv_563,2,0
cv_564,2,0
cv_565,1,0
cv_566,1,0
cv_568,2,0
cv_5698,2,0
cv_5706,1,0
cv_5707,1,0
cv_5709,1,0
cv_5710,2,0
cv_5711,2,0
cv_5714,2,0
cv_5715,2,0
cv_5725,1,0
cv_5734,1,0
cv_5744,1,0
cv_5748,1,0
cv_5756,1,0
cv_5759,1,0
cv_5766,2,0
cv_5767,1,0
cv_5768,2,0
cv_5769,1,0
cv_5770,1,0
v020,1,0
cv_5777,1,0
cv_5780,1,0
cv_3131,2,0
cv_5782,1,0
cv_5784,2,0
cv_5786,1,0
cv_10488,1,0
cv_6477,1,0
cv_31,2,0
cv_7662,1,0
cv_5523,2,0
cv_7324,2,0
cv_103,1,0
cv_5598,2,0
cv_9165,3,0
cv_920,1,0
cv_480,1,0
cv_8051,2,0
cv_7276,2,0
cv_7429,1,0
cv_3230,2,0
cv_10456,1,0
cv_10457,1,0
cv_7608,2,0
cv_6659,1,0
cv_7270,1,0
cv_1247,2,0
cv_5535,1,0
cv_7563,2,0
cv_254,1,0
cv_7611,1,0
cv_7392,2,0
cv_12698,1,0
cv_11637,1,0
cv_11638,1,0
cv_11639,1,0
cv_11640,1,0
cv_11641,1,0
cv_11642,1,0
cv_11643,1,0
cv_11644,1,0
cv_7347,2,0
cv_11645,1,0
cv_11646,1,0
cv_11647,1,0
cv_11648,1,0
cv_11649,1,0
cv_11652,1,0
cv_11653,1,0
cv_11654,1,0
cv_11655,2,0
cv_2,2,0
cv_2155,2,0
cv_2157,2,0
cv_2158,2,0
cv_2159,2,0
cv_2160,2,0
cv_2161,1,0
cv_2162,3,0
cv_2163,2,0
cv_2164,1,0
cv_2165,2,0
cv_2166,2,0
cv_2167,2,0
cv_3437,2,0
cv_3832,1,0
cv_3835,2,0
cv_3838,1,0
cv_3840,2,0
cv_3841,2,0
cv_3845,2,0
cv_3848,1,0
cv_3852,2,0
cv_3855,2,0
cv_3857,2,0
cv_3858,3,0
cv_3860,2,0
cv_3862,3,0
cv_3867,1,0
cv_3868,1,0
cv_3873,2,0
cv_3876,2,0
cv_5789,1,0
cv_5791,2,0
cv_583,1,0
cv_5833,1,0
cv_4693,2,0
cv_5834,2,0
cv_5837,2,0
cv_5841,2,0
cv_5842,2,0
cv_5843,2,0
cv_7283,2,0
cv_5846,1,0
cv_585,1,0
cv_5854,2,0
cv_5855,2,0
cv_210,1,0
cv_5525,1,0
cv_7404,2,0
cv_7635,2,0
cv_3977,1,0
cv_1030,3,0
cv_1248,2,0
cv_7245,2,0
cv_7242,2,0
cv_7634,2,0
cv_7335,2,0
cv_7406,2,0
cv_11467,1,0
cv_3653,2,0
v030,1,0
cv_7238,1,0
cv_10486,1,0
cv_7316,2,0
cv_5589,2,0
cv_10459,1,0
cv_7689,1,0
cv_5650,1,0
cv_922,1,0
cv_1156,3,0
cv_7239,2,0
cv_10467,1,0
cv_10471,1,0
cv_10451,1,0
cv_5606,2,0
cv_8480,1,0
cv_5562,1,0
cv_7437,2,0
cv_5565,2,0
cv_5913,2,0
cv_8001,3,0
cv_7287,2,0
cv_7639,2,0
cv_7486,2,0
cv_5884,2,0
cv_5885,2,0
cv_5886,2,0
cv_5887,2,0
cv_589,2,0
cv_5894,2,0
cv_5898,2,0
cv_5899,2,0
cv_1414,2,0
cv_7333,1,0
cv_8564,1,0
cv_10476,1,0
cv_10458,1,0
cv_10439,1,0
cv_5614,2,0
cv_7655,1,0
cv_444,2,0
cv_226,2,0
cv_7250,2,0
cv_182,1,0
cv_9745,1,0
cv_787,1,0
cv_7331,2,0
cv_7357,2,0
cv_3749,1,0
cv_10433,1,0
cv_7624,2,0
cv_180,1,0
cv_11259,1,0
cv_11265,1,0
cv_7350,4,0
cv_4922,2,0
cv_6517,1,0
cv_1252,4,0
cv_7557,2,0
cv_6710,2,0
cv_8588,1,0
cv_5548,2,0
cv_6939,2,0
cv_1251,1,0
v063,1,0
v018,1,0
cv_61,1,0
cv_7020,2,0
cv_7648,1,0
cv_12717,1,0
cv_7389,2,0
cv_3527,2,0
cv_10452,1,0
cv_3229,1,0
cv_10449,1,0
cv_10446,1,0
cv_9758,1,0
cv_5532,2,0
cv_52,1,0
cv_62,2,0
cv_7162,2,0
cv_4686,2,0
cv_363,1,0
cv_3956,2,0
cv_8607,1,0
cv_6681,2,0
cv_7580,2,0
cv_5616,2,0
cv_3954,1,0
cv_3978,2,0
cv_6126,2,0
cv_8606,1,0
cv_7299,2,0
cv_5540,2,0
cv_1255,1,0
cv_7346,2,0
cv_7420,3,0
cv_10460,1,0
cv_10435,1,0
cv_5549,1,0
cv_8923,1,0
cv_166,2,0
cv_12700,1,0
cv_5812,2,0
cv_6024,1,0
cv_7251,2,0
cv_5536,1,0
cv_4766,2,0
cv_7259,2,0
cv_5648,1,0
cv_556,1,0
cv_7349,2,0
cv_3654,1,0
cv_7650,1,0
cv_196,1,0
cv_3961,2,0
cv_5601,2,0
cv_7599,2,0
cv_7540,2,0
cv_7273,2,0
cv_1496,2,0
cv_4818,2,0
cv_6049,2,0
cv_7638,2,0
cv_6682,1,0
cv_7667,2,0
cv_7309,2,0
cv_9744,1,0
cv_7641,3,0
cv_5595,1,0
cv_7659,1,0
cv_8811,1,0
cv_4883,2,0
cv_9241,1,0
cv_4439,2,0
cv_11681,1,0
cv_9262,1,0
cv_9225,1,0
cv_11661,1,0
cv_4444,2,0
cv_4447,2,0
cv_4446,2,0
cv_4443,2,0
cv_4445,1,0
cv_4448,2,0
cv_4442,1,0
cv_4441,1,0
cv_4440,2,0
cv_4454,2,0
cv_9229,1,0
cv_4433,2,0
cv_7272,2,0
cv_900,2,0
cv_911,3,0
cv_11671,1,0
cv_9264,1,0
cv_9231,1,0
cv_9235,1,0
cv_9270,1,0
cv_9238,1,0
cv_7265,2,0
cv_7290,1,0
cv_9253,1,0
cv_9230,1,0
cv_7286,2,0
cv_9265,1,0
cv_9251,1,0
cv_3257,2,0
cv_9250,1,0
cv_9260,1,0
cv_9258,1,0
cv_9243,1,0
cv_9271,1,0
cv_9267,1,0
cv_7289,2,0
cv_9254,1,0
cv_7256,2,0
cv_9248,1,0
cv_7284,1,0
cv_9247,1,0
cv_9240,1,0
cv_9246,1,0
cv_9263,1,0
cv_9268,1,0
cv_9234,1,0
cv_9259,1,0
cv_9228,1,0
cv_9244,1,0
cv_7244,2,0
cv_4438,2,0
cv_9233,1,0
cv_7255,2,0
cv_9255,1,0
cv_4452,2,0
cv_4429,2,0
cv_4437,2,0
cv_4432,1,0
cv_4435,3,0
cv_4430,2,0
cv_4451,2,0
cv_7267,2,0
cv_4431,1,0
cv_7266,2,0
cv_9249,1,0
cv_9269,1,0
cv_4453,3,0
cv_4436,2,0
cv_9272,1,0
cv_9239,1,0
cv_9227,1,0
cv_4450,2,0
cv_9226,1,0
cv_9266,1,0
cv_9232,1,0
cv_11684,1,0
cv_11673,1,0
cv_11659,1,0
cv_11657,1,0
cv_11658,1,0
cv_11660,3,0
cv_11664,1,0
cv_11668,1,0
cv_11667,1,0
cv_11662,1,0
cv_11656,1,0
cv_907,1,0
cv_4691,1,0
cv_7323,2,0
cv_10468,1,0
cv_10478,1,0
cv_152,2,0
cv_10443,1,0
cv_7545,2,0
cv_5521,2,0
cv_12455,1,0
cv_5150,1,0
cv_6817,2,0
cv_8254,1,0
cv_2291,3,0
cv_2292,3,0
cv_2293,1,0
cv_2294,1,0
cv_2295,1,0
cv_2296,1,0
cv_2297,3,0
cv_2299,1,0
cv_5700,1,0
cv_7657,2,0
cv_1734,3,0
cv_8572,1,0
cv_7601,2,0
cv_4,1,0
cv_5702,2,0
cv_1608,2,0
cv_7500,2,0
cv_5643,2,0
cv_5613,2,0
cv_1348,1,0
cv_5216,1,0
cv_1634,2,0
cv_6047,2,0
cv_8694,1,0
v037,1,0
cv_1941,2,0
cv_3302,3,0
cv_5594,2,0
cv_5533,2,0
cv_6145,2,0
cv_33,2,0
cv_6649,2,0
cv_7490,2,0
cv_10436,1,0
cv_786,3,0
cv_712,1,0
cv_6481,1,0
cv_6640,2,0
cv_5513,1,0
cv_7325,2,0
cv_5588,2,0
cv_12982,1,0
cv_12493,1,0
cv_11283,1,0
cv_6881,2,0
cv_9733,1,0
cv_10474,1,0
cv_3321,2,0
cv_9608,1,0
cv_8543,1,0
cv_7355,2,0
cv_11285,1,0
cv_4690,1,0
cv_734,1,0
cv_9893,1,0
cv_3591,1,0
cv_7619,2,0
cv_12724,1,0
cv_7636,2,0
cv_4824,2,0
cv_5671,2,0
cv_5271,2,0
cv_8504,1,0
cv_3963,2,0
cv_4835,2,0
cv_5487,1,0
cv_9805,1,0
cv_2285,3,0
cv_2286,2,0
cv_2287,3,0
cv_2288,1,0
cv_2289,3,0
cv_2290,2,0
cv_2298,1,0
cv_2300,3,0
cv_7373,2,0
cv_5142,1,0
cv_77,3,0
cv_6147,2,0
cv_5586,1,0
cv_160,2,0
cv_11793,1,0
cv_10464,1,0
cv_7735,2,0
cv_10481,1,0
cv_7758,2,0
cv_5162,1,0
cv_7495,2,0
cv_5181,2,0
cv_5538,2,0
cv_5560,1,0
cv_1153,1,0
cv_3959,2,0
cv_5920,1,0
cv_5587,2,0
cv_10803,1,0
cv_4069,1,0
cv_479,2,0
cv_4908,1,0
cv_7666,2,0
cv_7475,1,0
cv_6046,2,0
cv_1451,1,0
cv_1031,2,0
cv_5788,2,0
cv_5204,1,0
cv_4866,1,0
cv_10453,1,0
cv_13007,1,0
cv_7458,2,0
cv_7623,3,0
cv_13024,1,0
cv_1750,2,0
cv_10487,1,0
cv_10482,1,0
cv_5364,2,0
cv_7329,2,0
cv_69,1,0
cv_6877,1,0
cv_2278,3,0
cv_2279,3,0
cv_2280,3,0
cv_2281,3,0
cv_2282,1,0
cv_2283,1,0
cv_2284,3,0
cv_2301,1,0
cv_4664,1,0
cv_7401,2,0
cv_8496,1,0
cv_7589,2,0
cv_5530,2,0
cv_7518,2,0
v009,2,0
cv_7558,2,0
cv_7910,1,0
cv_7588,1,0
cv_1499,2,0
cv_7590,2,0
cv_732,1,0
cv_7233,2,0
cv_1432,2,0
cv_3761,1,0
cv_4700,2,0
cv_1032,3,0
cv_8436,1,0
cv_6688,1,0
cv_6689,1,0
cv_795,2,0
cv_12214,1,0
cv_10483,1,0
cv_10479,1,0
cv_10431,1,0
cv_710,2,0
cv_8883,1,0
cv_7564,1,0
cv_1381,2,0
cv_7664,1,0
cv_8608,1,0
cv_10846,1,0
cv_5668,2,0
cv_1421,1,0
cv_1422,1,0
cv_1424,1,0
cv_1425,2,0
cv_1426,2,0
cv_1427,2,0
cv_1428,2,0
cv_1429,2,0
cv_1430,1,0
cv_1431,2,0
cv_1433,3,0
cv_1434,2,0
cv_1436,1,0
cv_1528,1,0
cv_2153,2,0
cv_2154,2,0
cv_2156,2,0
cv_2228,1,0
cv_2229,3,0
cv_2230,1,0
cv_2231,1,0
cv_2232,3,0
cv_2233,3,0
cv_2234,1,0
cv_2235,3,0
cv_2236,1,0
cv_2237,1,0
cv_2238,1,0
cv_2239,1,0
cv_2240,2,0
cv_2241,1,0
cv_2242,1,0
cv_2243,2,0
cv_2244,3,0
cv_2245,3,0
cv_2246,1,0
cv_2247,1,0
cv_2248,1,0
cv_2249,3,0
cv_2250,1,0
cv_3084,2,0
cv_3086,1,0
cv_3093,2,0
cv_3095,1,0
cv_3096,1,0
cv_3097,1,0
cv_3098,2,0
cv_3099,2,0
cv_3100,1,0
cv_3101,2,0
cv_3102,2,0
cv_3103,2,0
cv_3104,1,0
cv_3105,2,0
cv_3106,2,0
cv_3107,2,0
cv_3467,2,0
cv_3469,2,0
cv_3900,2,0
cv_3911,2,0
cv_3919,2,0
cv_10437,1,0
cv_3925,2,0
cv_6443,2,0
cv_3927,2,0
cv_3928,2,0
cv_3929,2,0
cv_572,2,0
cv_577,2,0
cv_578,2,0
cv_579,1,0
cv_5796,1,0
cv_3228,2,0
cv_10463,1,0
cv_5543,2,0
cv_5547,1,0
cv_48,1,0
cv_3014,2,0
cv_5528,2,0
cv_530,2,0
cv_3223,2,0
cv_10448,1,0
cv_10485,1,0
cv_10472,1,0
cv_10441,1,0
cv_9553,1,0
cv_5597,2,0
cv_5661,2,0
cv_5664,2,0
cv_3968,2,0
cv_7330,2,0
cv_7261,2,0
cv_1178,2,0
cv_1179,3,0
cv_1180,2,0
cv_1181,1,0
cv_1182,1,0
cv_1183,1,0
cv_1184,2,0
cv_1185,2,0
cv_1186,3,0
cv_1188,1,0
cv_1192,1,0
cv_1207,2,0
cv_1208,2,0
cv_1214,2,0
cv_12016,1,0
cv_1318,1,0
cv_1327,2,0
cv_1329,2,0
cv_1330,2,0
cv_1331,2,0
cv_1332,1,0
cv_1333,2,0
cv_1334,2,0
cv_1412,1,0
cv_1418,3,0
cv_1419,2,0
cv_1420,1,0
cv_2251,3,0
cv_2252,2,0
cv_2253,3,0
cv_2254,1,0
cv_2255,2,0
cv_2256,1,0
cv_2257,2,0
cv_2258,1,0
cv_2259,2,0
cv_2260,3,0
cv_2261,3,0
cv_2262,1,0
cv_2263,3,0
cv_2264,2,0
cv_2265,1,0
cv_2266,1,0
cv_2267,3,0
cv_2268,3,0
cv_2269,2,0
cv_2270,1,0
cv_2271,2,0
cv_2272,1,0
cv_2273,3,0
cv_2274,2,0
cv_2275,3,0
cv_2276,2,0
cv_2277,3,0
cv_3,1,0
cv_30,2,0
cv_3076,2,0
cv_3081,2,0
cv_5798,2,0
cv_5799,2,0
cv_580,1,0
cv_5803,2,0
cv_5804,2,0
cv_590,1,0
cv_5900,2,0
cv_5901,2,0
cv_5906,2,0
cv_5910,1,0
cv_592,1,0
cv_593,2,0
cv_594,2,0
cv_595,3,0
cv_596,2,0
cv_597,2,0
cv_66,2,0
cv_67,3,0
cv_68,1,0
cv_70,1,0
cv_71,2,0
cv_72,2,0
cv_73,1,0
cv_5571,1,0
cv_3960,2,0
cv_3400,2,0
cv_7387,2,0
cv_10971,2,0
cv_49,1,0
cv_3789,2,0
v022,1,0
cv_10480,1,0
cv_10462,1,0
cv_10466,1,0
cv_7768,1,0
cv_51,1,0
cv_7812,1,0
cv_3030,1,0
cv_3811,1,0
cv_47,1,0
cv_7403,2,0
cv_7811,1,0
cv_7821,1,0
cv_15,1,0
cv_6243,1,0
cv_8399,1,0
cv_10,1,0
cv_58,1,0
cv_5633,2,0
cv_3570,2,0
cv_523,1,0
cv_1149,2,0
cv_7531,3,0
cv_5580,2,0
cv_4080,2,0
cv_7820,1,0
cv_12017,1,0
cv_6435,2,0
cv_657,1,0
cv_6450,2,0
cv_1459,1,0
cv_11847,2,0
cv_2415,1,0
cv_5246,2,0
v054,3,0
cv_2566,1,0
cv_612,2,0
cv_365,1,0
cv_606,1,0
cv_7282,3,0
cv_7192,2,0
cv_7606,1,0
cv_3354,2,0
cv_5959,2,0
cv_7348,1,0
cv_78,2,0
cv_603,1,0
cv_5941,1,0
cv_934,3,0
cv_5386,2,0
cv_5948,2,0
cv_5652,3,0
cv_83,1,0
cv_353,1,0
cv_357,1,0
cv_9040,1,0
cv_5305,2,0
cv_7151,2,0
cv_3422,2,0
cv_602,1,0
cv_3686,1,0
cv_10653,2,0
cv_8857,1,0
cv_7236,3,0
cv_2558,1,0
cv_2427,2,0
cv_5311,2,0
cv_32,2,0
cv_6852,2,0
cv_6541,2,0
cv_403,2,0
cv_8969,1,0
cv_8945,1,0
cv_811,3,0
cv_3695,2,0
cv_832,1,0
cv_2661,1,0
cv_7180,1,0
cv_8947,1,0
cv_11226,2,0
cv_962,2,0
cv_1467,1,0
cv_2418,3,0
cv_9682,1,0
cv_1466,2,0
v069,2,0
cv_4331,2,0
cv_3316,2,0
v068,2,0
cv_1450,1,0
cv_6804,2,0
cv_367,2,0
cv_12152,1,0
cv_5332,1,0
cv_8944,1,0
cv_11224,2,0
cv_932,3,0
cv_3691,1,0
cv_2518,2,0
cv_6858,2,0
cv_2423,2,0
cv_11897,1,0
cv_651,1,0
cv_7380,1,0
cv_172,2,0
cv_1409,1,0
cv_6484,1,0
cv_11837,2,0
cv_356,1,0
cv_75,2,0
cv_4481,2,0
cv_96,2,0
cv_2762,1,0
cv_7669,1,0
cv_4188,2,0
v008,1,0
cv_10066,1,0
cv_4747,2,0
cv_6644,1,0
cv_1460,1,0
cv_3631,2,0
cv_116,2,0
cv_4744,2,0
cv_1892,2,0
cv_3553,2,0
cv_7702,2,0
cv_1464,1,0
cv_10045,1,0
cv_1471,1,0
cv_162,1,0
cv_4254,2,0
cv_10030,1,0
cv_2410,3,0
cv_1323,2,0
cv_4311,2,0
cv_2640,2,0
cv_4750,2,0
cv_1159,1,0
cv_206,1,0
cv_792,3,0
cv_153,1,0
cv_8880,1,0
cv_1535,2,0
cv_12225,1,0
cv_4294,1,0
cv_10064,1,0
cv_2498,3,0
cv_837,1,0
cv_926,3,0
cv_705,2,0
cv_1267,1,0
cv_2739,3,0
cv_133,1,0
cv_6840,2,0
cv_4840,2,0
cv_820,4,0
cv_8995,1,0
cv_9738,1,0
cv_7914,1,0
cv_927,1,0
cv_2673,2,0
cv_812,1,0
cv_4897,1,0
cv_5942,2,0
cv_4802,2,0
cv_4902,2,0
cv_528,2,0
cv_4146,2,0
cv_8718,1,0
cv_12598,1,0
cv_8660,1,0
cv_12285,1,0
cv_2598,2,0
cv_90,1,0
cv_683,3,0
cv_12174,1,0
cv_2628,2,0
v033,1,0
cv_12609,2,0
cv_199,2,0
cv_8915,1,0
cv_3471,2,0
cv_12596,1,0
cv_11138,1,0
cv_12602,1,0
cv_8896,1,0
cv_939,1,0
cv_5922,1,0
cv_2629,2,0
cv_3699,2,0
cv_9665,1,0
cv_8488,2,0
cv_1352,2,0
cv_2510,3,0
cv_7653,2,0
cv_12200,1,0
cv_12611,1,0
cv_7546,2,0
cv_6514,1,0
cv_1254,1,0
cv_6896,2,0
cv_6529,1,0
cv_12211,1,0
cv_2399,1,0
cv_4749,2,0
cv_6796,2,0
cv_6,1,0
cv_4309,2,0
cv_4841,2,0
v061,1,0
cv_187,1,0
cv_836,4,0
cv_7572,1,0
cv_715,1,0
cv_6661,2,0
cv_9077,1,0
cv_11236,1,0
cv_6805,2,0
cv_4177,1,0
cv_2643,1,0
cv_2765,1,0
cv_2413,3,0
cv_12235,1,0
cv_6989,2,0
cv_3700,1,0
cv_6800,2,0
cv_6556,2,0
cv_287,1,0
cv_6955,2,0
cv_9045,1,0
cv_3674,1,0
cv_8882,1,0
cv_542,1,0
cv_5134,2,0
cv_6752,2,0
cv_10195,1,0
cv_207,1,0
cv_6921,2,0
cv_915,2,0
cv_7853,1,0
cv_5552,2,0
cv_624,1,0
cv_3355,1,0
cv_11932,1,0
cv_95,1,0
cv_1640,2,0
cv_2409,2,0
cv_8514,1,0
v064,1,0
cv_11950,1,0
cv_7234,2,0
cv_419,2,0
cv_8532,1,0
cv_7130,2,0
cv_12625,1,0
cv_115,1,0
cv_3498,2,0
cv_2470,2,0
cv_10650,2,0
cv_11628,1,0
cv_11945,1,0
cv_11615,1,0
cv_1174,2,0
cv_4845,2,0
cv_986,1,0
cv_2489,1,0
cv_2666,2,0
cv_5139,1,0
cv_3270,1,0
cv_7622,1,0
cv_10658,1,0
cv_2478,1,0
cv_4831,1,0
v016,1,0
cv_10622,1,0
cv_2488,1,0
cv_8749,1,0
cv_3481,1,0
cv_4156,2,0
cv_1400,1,0
cv_931,2,0
cv_6897,1,0
cv_2638,2,0
cv_338,1,0
cv_8765,1,0
cv_2491,2,0
cv_5938,1,0
cv_4198,2,0
cv_5248,1,0
v024,2,0
cv_8536,1,0
cv_2645,1,0
cv_413,1,0
cv_2621,1,0
cv_655,1,0
cv_4209,2,0
cv_8428,1,0
cv_7212,2,0
cv_2664,2,0
cv_4599,2,0
cv_6150,2,0
cv_2632,1,0
cv_1164,2,0
cv_317,1,0
cv_11619,2,0
cv_3650,2,0
cv_2713,2,0
cv_12772,1,0
cv_2748,2,0
cv_7280,2,0
cv_2797,2,0
cv_2623,1,0
cv_5214,2,0
cv_5914,2,0
cv_12761,1,0
cv_5556,2,0
v039,1,0
cv_2753,2,0
cv_10659,2,0
cv_7901,2,0
cv_2760,2,0
cv_2564,2,0
cv_4629,1,0
cv_2719,3,0
cv_12595,1,0
v067,1,0
cv_2658,1,0
cv_2796,2,0
cv_3535,2,0
cv_170,1,0
cv_4272,2,0
cv_4626,3,0
cv_3314,2,0
cv_4460,2,0
cv_2626,1,0
cv_2840,1,0
cv_11328,1,0
cv_11329,2,0
cv_9694,1,0
cv_11340,1,0
cv_2573,1,0
cv_6009,2,0
cv_2872,1,0
cv_2740,1,0
cv_2847,1,0
cv_2627,2,0
cv_2660,1,0
cv_11974,1,0
cv_11983,1,0
cv_11989,1,0
cv_11990,1,0
cv_11994,1,0
cv_11995,1,0
cv_11997,1,0
cv_12,2,0
cv_12001,1,0
cv_12002,1,0
cv_12003,1,0
cv_12007,1,0
cv_3013,3,0
cv_3015,1,0
cv_3016,2,0
cv_3017,2,0
cv_3018,1,0
cv_3019,2,0
cv_3023,2,0
cv_3026,2,0
cv_2845,3,0
cv_6782,2,0
cv_3029,2,0
cv_3032,2,0
cv_3039,2,0
cv_3041,1,0
cv_3045,2,0
cv_3048,2,0
cv_3050,1,0
cv_3394,3,0
cv_3395,2,0
cv_3396,2,0
cv_3397,2,0
cv_3398,1,0
cv_3403,1,0
cv_3405,1,0
cv_3407,2,0
cv_3408,1,0
cv_3409,2,0
cv_3413,1,0
cv_3414,2,0
cv_3417,3,0
cv_3419,2,0
cv_3420,2,0
cv_3421,2,0
cv_3758,2,0
cv_3759,3,0
cv_3760,1,0
cv_3762,2,0
cv_3763,2,0
cv_3764,2,0
cv_3765,1,0
cv_3767,2,0
cv_3768,1,0
cv_3769,2,0
cv_3770,2,0
cv_3771,2,0
cv_3772,2,0
cv_3773,3,0
cv_3774,3,0
cv_3775,3,0
cv_3776,2,0
cv_3777,2,0
cv_3778,1,0
cv_3779,1,0
cv_3780,2,0
cv_3782,2,0
cv_3783,2,0
cv_3784,2,0
cv_3785,2,0
cv_3786,2,0
cv_3790,2,0
cv_3792,1,0
cv_3793,1,0
cv_3804,1,0
cv_11360,1,0
cv_2608,1,0
cv_11335,1,0
cv_2734,1,0
cv_11339,1,0
cv_2487,2,0
cv_2633,2,0
cv_2774,1,0
cv_7302,1,0
cv_8356,1,0
cv_4350,1,0
cv_8462,1,0
cv_6577,2,0
cv_1570,2,0
cv_2565,2,0
cv_1485,2,0
cv_2747,1,0
cv_1250,1,0
cv_781,1,0
cv_2480,1,0
cv_9697,1,0
cv_7554,2,0
cv_2735,1,0
cv_2716,2,0
cv_7961,2,0
cv_2602,2,0
cv_10587,1,0
cv_2767,2,0
cv_4420,1,0
cv_12797,2,0
cv_2779,3,0
cv_6566,2,0
cv_514,1,0
cv_208,3,0
cv_2562,2,0
cv_2782,1,0
cv_724,2,0
cv_8026,3,0
cv_2711,2,0
cv_7845,1,0
cv_9689,1,0
cv_11321,1,0
cv_6004,2,0
cv_8502,1,0
cv_8495,1,0
cv_2650,2,0
cv_11961,1,0
cv_11963,1,0
cv_2922,1,0
cv_2923,2,0
cv_2999,2,0
cv_3001,1,0
cv_3002,2,0
cv_3003,2,0
cv_3004,2,0
cv_3006,2,0
cv_3007,2,0
cv_3008,2,0
cv_3009,2,0
cv_3010,2,0
cv_3011,2,0
cv_3012,2,0
cv_3027,2,0
cv_3810,1,0
cv_6509,1,0
cv_3812,2,0
cv_3813,1,0
cv_3814,1,0
cv_3815,1,0
cv_3816,1,0
cv_3817,3,0
cv_3818,2,0
cv_3821,2,0
cv_3822,2,0
cv_3823,1,0
cv_3824,1,0
cv_3825,2,0
cv_39,1,0
cv_41,1,0
cv_42,1,0
cv_50,1,0
cv_503,2,0
cv_504,1,0
cv_505,1,0
cv_506,2,0
cv_507,2,0
cv_512,2,0
cv_2712,2,0
cv_516,2,0
cv_521,1,0
cv_531,2,0
cv_535,2,0
cv_536,1,0
cv_537,1,0
cv_538,2,0
cv_539,2,0
cv_54,1,0
cv_540,1,0
cv_541,1,0
cv_543,1,0
cv_5615,2,0
cv_5617,1,0
cv_5619,2,0
cv_7804,1,0
cv_7813,3,0
cv_7815,2,0
cv_7835,2,0
cv_7837,1,0
cv_8469,1,0
cv_2659,2,0
cv_4829,1,0
cv_8535,1,0
cv_2741,1,0
cv_5338,2,0
cv_899,2,0
cv_8805,1,0
cv_3588,2,0
cv_2500,2,0
cv_2873,1,0
cv_213,1,0
cv_2811,2,0
cv_5572,2,0
cv_2517,2,0
cv_6230,2,0
cv_263,1,0
cv_2514,1,0
cv_4798,1,0
cv_5220,1,0
cv_2655,2,0
cv_8111,2,0
cv_3191,1,0
cv_9747,1,0
cv_11359,1,0
cv_4667,3,0
cv_2647,2,0
cv_201,1,0
cv_10993,1,0
cv_11608,1,0
cv_5599,2,0
cv_1282,1,0
cv_2589,2,0
cv_7876,2,0
cv_10326,1,0
cv_10331,1,0
cv_10333,1,0
cv_10334,1,0
cv_10335,1,0
cv_10336,1,0
cv_10337,1,0
cv_11436,1,0
cv_11437,1,0
cv_11438,1,0
cv_11439,1,0
cv_11496,1,0
cv_11497,1,0
cv_11499,1,0
cv_11500,1,0
cv_11501,1,0
cv_11502,1,0
cv_11503,1,0
cv_11505,1,0
cv_11797,1,0
cv_11798,1,0
cv_11799,1,0
cv_11800,1,0
cv_11801,1,0
cv_11802,1,0
cv_11803,1,0
cv_11804,1,0
cv_11806,1,0
cv_11807,1,0
cv_11808,1,0
cv_11809,1,0
cv_11810,1,0
cv_11811,1,0
cv_11812,1,0
cv_11813,1,0
cv_11814,1,0
cv_11815,1,0
cv_11816,1,0
cv_11817,1,0
cv_11818,1,0
cv_11819,1,0
cv_11820,1,0
cv_11821,1,0
cv_11823,1,0
cv_11825,1,0
cv_11826,1,0
cv_11829,1,0
cv_11831,1,0
cv_11835,1,0
cv_11836,1,0
cv_11839,1,0
cv_11848,1,0
cv_11849,1,0
cv_11850,1,0
cv_11851,1,0
cv_11852,1,0
cv_11856,1,0
cv_11864,1,0
cv_2617,2,0
cv_2692,1,0
cv_2693,2,0
cv_2710,1,0
cv_4052,2,0
cv_4055,3,0
cv_5625,1,0
cv_5627,1,0
cv_7796,2,0
cv_7797,2,0
cv_7798,1,0
cv_7800,1,0
cv_7802,1,0
cv_7805,1,0
cv_7806,2,0
cv_7807,1,0
cv_7808,1,0
cv_7810,2,0
cv_7814,2,0
cv_7817,2,0
cv_7819,1,0
cv_7822,1,0
cv_11172,1,0
cv_7827,3,0
cv_7828,1,0
cv_7831,1,0
cv_7833,1,0
cv_8253,1,0
cv_2594,1,0
cv_1974,2,0
cv_1408,2,0
cv_9674,1,0
cv_2479,3,0
cv_6543,1,0
cv_9611,1,0
cv_5960,1,0
cv_9753,1,0
cv_8555,1,0
cv_11489,1,0
cv_11240,1,0
cv_6011,2,0
cv_7145,2,0
cv_2174,1,0
cv_6678,1,0
cv_3243,1,0
cv_4268,2,0
cv_11247,1,0
cv_6019,2,0
cv_2616,2,0
cv_10596,1,0
cv_9667,1,0
cv_1982,2,0
cv_9159,1,0
cv_9750,1,0
cv_10277,1,0
cv_10283,1,0
cv_10285,1,0
cv_10286,1,0
cv_10287,1,0
cv_10301,1,0
cv_10306,1,0
cv_10307,1,0
cv_11449,1,0
cv_11450,1,0
cv_11451,1,0
cv_11452,1,0
cv_11454,1,0
cv_11455,1,0
cv_11456,1,0
cv_11457,1,0
cv_11458,1,0
cv_11459,1,0
cv_11461,1,0
cv_11463,1,0
cv_11464,1,0
cv_11465,1,0
cv_11466,1,0
cv_11468,1,0
cv_11469,1,0
cv_11470,1,0
cv_11471,1,0
cv_11474,1,0
cv_11476,1,0
cv_11477,1,0
cv_11478,1,0
cv_11480,1,0
cv_11481,1,0
cv_11482,1,0
cv_11483,1,0
cv_11484,1,0
cv_11485,1,0
cv_11486,1,0
cv_11487,1,0
cv_11488,1,0
cv_11490,1,0
cv_11491,1,0
cv_11492,1,0
cv_11493,1,0
cv_11495,1,0
cv_11805,1,0
cv_11840,1,0
cv_11841,1,0
cv_11845,1,0
cv_11846,1,0
cv_11854,1,0
cv_11857,1,0
cv_11858,1,0
cv_11859,1,0
cv_11860,1,0
cv_11861,1,0
cv_11862,1,0
cv_11863,1,0
cv_12230,1,0
cv_2653,2,0
cv_9759,1,0
cv_2770,1,0
cv_9664,1,0
cv_11246,1,0
cv_8350,1,0
cv_3991,2,0
cv_2584,2,0
cv_7169,1,0
cv_2578,1,0
cv_848,1,0
cv_10289,1,0
cv_10293,1,0
cv_10295,1,0
cv_10297,1,0
cv_10304,1,0
cv_10305,1,0
cv_10308,1,0
cv_10313,1,0
cv_10315,1,0
cv_11440,1,0
cv_11441,1,0
cv_11442,1,0
cv_11443,1,0
cv_11444,1,0
cv_11445,1,0
cv_11446,1,0
cv_11447,1,0
cv_11472,1,0
cv_11473,1,0
cv_11475,1,0
cv_11494,1,0
cv_11532,1,0
cv_11534,1,0
cv_11535,1,0
cv_11536,1,0
cv_11537,1,0
cv_11538,1,0
cv_11539,1,0
cv_11540,1,0
cv_11541,1,0
cv_11542,1,0
cv_11543,1,0
cv_11545,1,0
cv_11546,1,0
cv_11547,1,0
cv_11548,1,0
cv_11549,1,0
cv_11550,1,0
cv_11552,1,0
cv_11555,1,0
cv_11558,1,0
cv_11561,1,0
cv_11866,1,0
cv_11874,1,0
cv_11875,1,0
cv_11876,1,0
cv_11877,1,0
cv_11878,1,0
cv_11880,1,0
cv_11881,1,0
cv_11882,1,0
cv_11884,1,0
cv_11885,1,0
cv_11886,1,0
cv_11887,1,0
cv_11888,1,0
cv_11889,1,0
cv_2714,2,0
cv_2785,2,0
cv_2786,2,0
cv_2787,2,0
cv_2788,2,0
cv_2789,1,0
cv_2790,1,0
cv_2820,2,0
cv_2821,2,0
cv_2822,1,0
cv_2824,2,0
cv_2825,1,0
cv_2826,1,0
cv_2827,2,0
cv_2828,1,0
cv_2829,1,0
cv_2830,1,0
cv_6707,1,0
cv_2831,1,0
cv_6705,1,0
cv_2833,1,0
cv_2850,1,0
cv_6708,2,0
cv_2851,2,0
cv_2852,2,0
cv_2853,2,0
cv_2854,1,0
cv_2855,1,0
cv_2856,1,0
cv_2857,1,0
cv_2858,1,0
cv_2859,1,0
cv_2870,1,0
cv_2871,1,0
cv_2874,2,0
cv_2878,1,0
cv_2879,2,0
cv_2884,1,0
cv_2888,1,0
cv_2569,1,0
cv_6589,2,0
cv_8647,1,0
cv_7692,1,0
cv_1150,1,0
cv_12014,1,0
cv_12019,1,0
cv_2694,2,0
cv_2695,1,0
cv_2696,1,0
cv_2697,2,0
cv_2698,2,0
cv_2699,2,0
cv_2700,2,0
cv_2701,2,0
cv_2702,1,0
cv_2703,2,0
cv_2704,3,0
cv_2705,2,0
cv_2706,2,0
cv_2707,1,0
cv_2708,2,0
cv_2709,2,0
cv_2715,1,0
cv_2717,1,0
cv_2718,2,0
cv_2720,2,0
cv_2721,2,0
cv_2722,2,0
cv_2723,3,0
cv_2724,1,0
cv_2725,1,0
cv_2726,2,0
cv_2727,2,0
cv_2728,1,0
cv_2729,1,0
cv_2730,2,0
cv_2731,2,0
cv_2732,2,0
cv_2733,3,0
cv_2736,1,0
cv_2737,1,0
cv_2738,1,0
cv_2742,1,0
cv_2743,1,0
cv_2744,2,0
cv_2745,1,0
cv_2746,2,0
cv_2749,2,0
cv_2750,2,0
cv_2751,2,0
cv_2752,2,0
cv_2754,1,0
cv_2755,1,0
cv_2756,1,0
cv_2757,2,0
cv_2758,1,0
cv_2761,2,0
cv_2763,1,0
cv_2764,2,0
cv_2766,3,0
cv_2768,2,0
cv_2769,2,0
cv_2771,1,0
cv_2772,1,0
cv_2773,2,0
cv_2775,2,0
cv_2776,2,0
cv_2777,2,0
cv_2778,1,0
cv_2780,1,0
cv_2781,1,0
cv_2783,1,0
cv_2784,2,0
cv_12145,1,0
cv_2654,2,0
cv_2639,2,0
cv_2637,2,0
cv_2610,2,0
cv_9338,1,0
cv_2614,1,0
cv_2648,2,0
cv_2613,2,0
cv_5112,2,0
cv_8355,1,0
cv_2570,2,0
cv_4205,2,0
cv_6085,2,0
cv_6634,2,0
cv_7378,2,0
cv_4621,2,0
cv_7439,2,0
cv_7726,1,0
cv_161,2,0
cv_5867,3,0
cv_1584,3,0
cv_1671,2,0
cv_3199,2,0
cv_2604,2,0
cv_6020,1,0
cv_2635,2,0
cv_2656,4,0
cv_2976,2,0
cv_4732,2,0
cv_4765,2,0
cv_6210,2,0
cv_5993,2,0
cv_6077,2,0
cv_649,2,0
cv_3435,2,0
cv_489,2,0
cv_621,1,0
cv_1172,2,0
cv_5861,2,0
cv_5649,2,0
cv_5259,1,0
cv_4705,2,0
cv_4746,2,0
cv_5987,2,0
cv_7541,3,0
cv_8024,2,0
cv_1442,2,0
cv_1690,2,0
cv_4726,2,0
cv_7610,2,0
cv_4733,2,0
cv_6206,2,0
cv_4703,1,0
cv_6037,1,0
cv_248,1,0
cv_3195,1,0
cv_4801,3,0
cv_3332,3,0
cv_5679,2,0
cv_239,2,0
cv_7598,1,0
cv_246,3,0
cv_4727,2,0
cv_5101,1,0
cv_4777,2,0
cv_4748,2,0
cv_1579,2,0
cv_6532,1,0
cv_173,1,0
cv_6237,2,0
cv_8081,2,0
cv_4795,2,0
cv_810,3,0
cv_3539,2,0
cv_6142,2,0
v040,1,0
cv_2631,1,0
cv_4811,2,0
cv_4770,1,0
cv_3196,3,0
cv_4787,1,0
cv_7582,2,0
cv_2641,2,0
cv_2672,2,0
cv_6224,1,0
cv_2689,2,0
cv_221,1,0
v049,1,0
cv_4612,1,0
cv_6997,2,0
cv_7629,1,0
cv_6084,2,0
cv_4685,1,0
cv_5031,2,0
cv_1146,1,0
cv_4735,2,0
cv_4754,1,0
cv_4670,1,0
cv_5326,2,0
cv_280,2,0
cv_4070,2,0
cv_4008,2,0
cv_5971,2,0
cv_6097,2,0
cv_4775,2,0
cv_6062,1,0
cv_4812,2,0
cv_7585,1,0
cv_6087,2,0
cv_4776,2,0
cv_5988,2,0
cv_252,2,0
cv_87,1,0
cv_668,1,0
cv_428,2,0
cv_1322,2,0
cv_151,1,0
cv_361,1,0
cv_5810,2,0
cv_7573,2,0
cv_157,2,0
cv_4788,1,0
cv_1557,1,0
cv_8060,2,0
cv_4804,1,0
cv_7592,1,0
cv_2595,2,0
cv_8043,2,0
cv_772,1,0
cv_5723,2,0
cv_1559,2,0
cv_169,1,0
cv_5741,1,0
cv_5737,2,0
cv_1013,2,0
cv_1480,1,0
cv_6985,1,0
cv_5779,1,0
cv_4628,1,0
cv_6884,3,0
cv_4807,3,0
cv_4738,2,0
cv_7645,3,0
cv_1014,3,0
cv_7764,1,0
cv_1518,2,0
cv_4756,2,0
cv_8064,2,0
cv_7227,1,0
cv_1166,2,0
cv_892,1,0
cv_4607,2,0
cv_6893,1,0
cv_4808,2,0
cv_432,2,0
cv_5851,2,0
cv_8076,2,0
cv_4828,2,0
cv_607,2,0
cv_6154,1,0
cv_4624,2,0
cv_186,1,0
cv_4092,1,0
cv_5826,2,0
cv_1233,2,0
cv_2978,1,0
cv_6164,1,0
cv_2609,1,0
cv_6102,2,0
cv_85,1,0
cv_6076,2,0
cv_4780,1,0
cv_2810,1,0
cv_4806,2,0
cv_499,1,0
cv_6086,2,0
cv_2615,2,0
cv_202,2,0
cv_4734,1,0
cv_4590,2,0
cv_217,1,0
cv_6136,2,0
cv_6221,2,0
cv_6064,1,0
cv_326,1,0
cv_6088,2,0
cv_4769,1,0
cv_6231,2,0
cv_1511,1,0
cv_7165,1,0
cv_2451,1,0
cv_4767,2,0
cv_2680,1,0
cv_6813,2,0
cv_5979,2,0
cv_2630,2,0
cv_3339,2,0
cv_5701,2,0
cv_777,3,0
cv_216,1,0
cv_4879,2,0
cv_4856,2,0
cv_7260,2,0
cv_6222,1,0
cv_6226,2,0
cv_6203,2,0
cv_6214,2,0
cv_4876,1,0
cv_6219,3,0
cv_3246,1,0
cv_4853,1,0
cv_3247,2,0
cv_7269,2,0
cv_2568,1,0
cv_4862,1,0
cv_6218,2,0
cv_7268,1,0
cv_6217,2,0
cv_6207,2,0
cv_4851,2,0
cv_7264,2,0
cv_4863,1,0
cv_4872,1,0
cv_4857,2,0
cv_4867,1,0
cv_6215,1,0
cv_6209,3,0
cv_6204,1,0
cv_3242,2,0
cv_6216,2,0
cv_6229,1,0
cv_4881,1,0
cv_6225,2,0
cv_4858,2,0
cv_6212,2,0
cv_6233,2,0
cv_7271,2,0
cv_6232,2,0
cv_6202,2,0
cv_4864,1,0
cv_6228,7,0
cv_6223,2,0
cv_6220,2,0
cv_7262,2,0
cv_4886,2,0
cv_6227,1,0
cv_4854,2,0
cv_4877,2,0
cv_634,1,0
cv_631,1,0
cv_632,2,0
cv_630,1,0
cv_1018,2,0
cv_3511,2,0
cv_1548,1,0
cv_1532,2,0
cv_4794,2,0
cv_5849,3,0
cv_1502,2,0
cv_1479,2,0
cv_6760,2,0
cv_5102,2,0
cv_126,1,0
cv_190,1,0
cv_1002,2,0
cv_2690,2,0
cv_1007,2,0
cv_7941,1,0
cv_137,2,0
cv_5866,2,0
cv_808,1,0
cv_8107,3,0
cv_2607,1,0
cv_3451,2,0
cv_5750,1,0
cv_178,2,0
cv_1586,2,0
cv_8035,2,0
cv_2618,2,0
cv_228,1,0
cv_5684,2,0
cv_6679,2,0
cv_886,1,0
cv_320,1,0
cv_2685,2,0
cv_223,1,0
cv_4723,3,0
cv_1788,1,0
cv_3412,2,0
cv_6035,2,0
cv_7586,1,0
cv_5099,2,0
cv_646,2,0
cv_6156,2,0
cv_4577,1,0
cv_7534,2,0
cv_1573,2,0
cv_8129,2,0
cv_4419,2,0
cv_5462,2,0
cv_4797,1,0
cv_6071,2,0
cv_3198,2,0
cv_5632,1,0
cv_286,2,0
cv_6686,1,0
cv_264,3,0
cv_6613,2,0
cv_1009,2,0
cv_7530,2,0
cv_4689,2,0
cv_1463,1,0
cv_5752,1,0
cv_7676,2,0
cv_3187,1,0
cv_7958,2,0
cv_3418,2,0
cv_2575,1,0
cv_8080,2,0
cv_7423,2,0
cv_4244,3,0
cv_7200,2,0
cv_6690,1,0
cv_5226,2,0
cv_7152,1,0
cv_8133,2,0
cv_7950,3,0
cv_165,1,0
cv_1027,2,0
cv_6099,1,0
cv_2843,1,0
cv_4021,1,0
cv_4805,1,0
cv_2586,2,0
cv_4009,2,0
cv_7159,1,0
cv_7249,2,0
cv_1500,2,0
cv_6676,1,0
cv_140,2,0
cv_525,2,0
cv_4736,3,0
cv_5080,1,0
cv_4914,1,0
cv_7246,2,0
cv_1011,2,0
cv_6192,2,0
cv_4809,1,0
cv_4741,1,0
cv_1773,1,0
cv_4751,2,0
cv_1064,2,0
cv_8140,2,0
cv_7607,2,0
cv_5973,2,0
cv_168,1,0
cv_2075,2,0
cv_2496,3,0
cv_7220,2,0
cv_2094,2,0
cv_220,2,0
cv_736,2,0
cv_3574,1,0
cv_799,1,0
cv_2649,2,0
cv_2033,2,0
cv_6245,2,0
cv_5358,1,0
cv_7757,2,0
cv_6121,2,0
cv_6094,2,0
cv_8123,2,0
cv_7905,1,0
cv_232,1,0
cv_5869,1,0
cv_1572,2,0
cv_7733,3,0
cv_642,1,0
cv_3726,2,0
cv_5825,2,0
cv_4761,2,0
cv_1478,1,0
cv_6236,1,0
cv_878,3,0
cv_4789,1,0
cv_5708,1,0
cv_7224,1,0
cv_6663,1,0
cv_4302,2,0
cv_2587,2,0
cv_4739,2,0
cv_8099,1,0
cv_3630,1,0
cv_5328,2,0
cv_4020,2,0
cv_74,2,0
cv_127,2,0
cv_8042,2,0
cv_4139,1,0
cv_3112,2,0
cv_3528,2,0
cv_7740,1,0
cv_1143,1,0
cv_6609,1,0
cv_1661,2,0
cv_6249,1,0
cv_5969,1,0
cv_623,1,0
cv_6081,2,0
cv_6101,2,0
cv_6105,2,0
cv_6119,2,0
cv_2679,3,0
cv_6315,2,0
cv_1575,2,0
cv_3554,2,0
cv_6372,2,0
cv_7168,1,0
cv_562,2,0
cv_3312,2,0
cv_4720,2,0
cv_748,2,0
cv_3309,2,0
cv_400,1,0
cv_4140,2,0
cv_2839,3,0
cv_1821,2,0
cv_1163,2,0
cv_2606,2,0
cv_3525,2,0
cv_7949,2,0
cv_7187,1,0
cv_4101,1,0
cv_231,1,0
cv_1476,1,0
cv_179,2,0
cv_7720,2,0
cv_2172,2,0
cv_4477,2,0
cv_3613,1,0
cv_2442,1,0
cv_6610,2,0
cv_2471,2,0
cv_2817,1,0
cv_1870,4,0
cv_2147,2,0
cv_3530,2,0
cv_1278,2,0
cv_955,1,0
cv_3173,2,0
cv_2093,2,0
cv_3301,2,0
cv_4110,1,0
cv_2555,2,0
cv_302,1,0
cv_3703,2,0
cv_719,2,0
cv_877,1,0
cv_3184,1,0
cv_4583,3,0
cv_4112,1,0
cv_6238,2,0
cv_640,1,0
cv_2152,2,0
cv_2954,2,0
cv_3305,2,0
cv_3612,1,0
cv_8061,2,0
cv_2592,1,0
cv_1443,1,0
cv_2942,3,0
cv_4656,2,0
cv_3658,2,0
cv_4120,1,0
cv_6486,1,0
cv_1567,2,0
cv_227,1,0
cv_4745,2,0
cv_4773,1,0
cv_5,2,0
cv_662,2,0
cv_8077,2,0
cv_1473,2,0
cv_2511,1,0
cv_4778,1,0
cv_474,2,0
cv_8104,2,0
cv_1447,2,0
cv_4843,2,0
cv_120,1,0
cv_192,1,0
cv_2078,2,0
cv_8145,2,0
cv_3139,1,0
cv_7575,2,0
cv_8103,3,0
cv_2058,1,0
cv_198,1,0
cv_448,2,0
cv_3267,2,0
cv_4512,1,0
cv_1792,1,0
cv_5726,1,0
cv_6065,2,0
cv_6253,1,0
cv_7593,2,0
cv_2642,1,0
cv_2977,2,0
cv_7612,1,0
cv_3406,2,0
cv_2546,2,0
cv_8090,2,0
cv_3373,2,0
cv_3708,2,0
cv_1798,2,0
cv_5446,1,0
cv_1595,2,0
cv_2979,1,0
cv_3333,1,0
cv_4785,2,0
cv_6067,1,0
cv_4730,2,0
cv_2981,1,0
cv_6553,2,0
cv_6008,1,0
cv_6027,1,0
cv_3125,2,0
cv_6683,1,0
cv_4154,2,0
cv_5238,2,0
cv_218,1,0
cv_588,2,0
cv_6056,1,0
cv_4752,1,0
cv_7319,2,0
cv_2118,2,0
cv_8069,2,0
cv_2804,2,0
cv_7791,2,0
cv_5951,1,0
cv_2652,1,0
cv_7596,2,0
cv_868,1,0
cv_4790,1,0
cv_1470,2,0
cv_6718,2,0
cv_8112,2,0
cv_4762,2,0
cv_2987,2,0
cv_3338,2,0
cv_2674,1,0
cv_76,2,0
cv_4731,2,0
cv_80,1,0
cv_6090,2,0
cv_7604,2,0
cv_1703,2,0
cv_2686,1,0
cv_6755,2,0
cv_5424,2,0
cv_2986,2,0
cv_5688,1,0
cv_5018,2,0
cv_2842,2,0
cv_6135,1,0
cv_2593,2,0
cv_189,2,0
cv_6691,2,0
cv_4814,2,0
cv_5945,2,0
cv_7581,2,0
cv_164,1,0
cv_6606,1,0
cv_4250,2,0
cv_3934,2,0
cv_1637,2,0
cv_6079,2,0
cv_4753,1,0
cv_6108,2,0
cv_4781,2,0
cv_625,3,0
cv_6028,2,0
cv_125,1,0
cv_5703,1,0
cv_6603,2,0
cv_1568,2,0
cv_7411,2,0
cv_3587,1,0
cv_5924,2,0
cv_292,2,0
cv_6697,2,0
cv_3252,1,0
cv_5481,2,0
cv_4763,1,0
cv_4527,2,0
cv_6662,2,0
cv_4755,1,0
cv_5932,1,0
cv_6709,1,0
cv_2990,2,0
cv_4757,2,0
cv_5106,2,0
cv_5983,2,0
cv_5961,2,0
cv_3145,2,0
cv_7498,2,0
cv_5757,1,0
cv_6521,1,0
cv_7614,1,0
cv_2678,1,0
cv_2668,2,0
cv_6010,3,0
cv_3532,2,0
cv_5968,1,0
cv_6256,2,0
cv_3787,1,0
v070,1,0
cv_3353,2,0
v071,1,0
cv_3932,1,0
cv_8075,2,0
cv_3389,2,0
cv_1271,2,0
v034,1,0
cv_3335,1,0
cv_306,1,0
cv_1876,1,0
cv_2683,3,0
cv_1286,1,0
cv_215,2,0
cv_470,2,0
cv_82,1,0
cv_780,1,0
cv_784,1,0
cv_185,1,0
cv_5191,3,0
cv_249,1,0
cv_45,1,0
cv_229,2,0
cv_295,1,0
cv_333,1,0
cv_778,1,0
cv_205,1,0
cv_2982,1,0
cv_225,1,0
cv_5667,2,0
cv_5392,2,0
cv_2681,2,0
cv_4109,1,0
cv_46,1,0
cv_81,3,0
v065,2,0
cv_265,2,0
cv_86,1,0
cv_224,1,0
cv_5183,1,0
cv_6118,2,0
v072,3,0
cv_752,2,0
cv_2119,2,0
cv_1923,2,0
cv_4589,2,0
cv_7703,2,0
cv_1925,1,0
cv_7980,2,0
cv_4602,2,0
cv_8036,2,0
cv_2076,2,0
cv_4591,2,0
cv_1144,2,0
cv_8052,2,0
cv_1509,2,0
cv_6701,1,0
cv_1878,1,0
cv_2177,1,0
cv_2543,2,0
cv_1935,1,0
cv_8070,2,0
cv_2102,1,0
cv_1176,1,0
cv_1926,2,0
cv_8038,2,0
v074,1,0
cv_6499,1,0
cv_2011,2,0
cv_144,2,0
cv_5747,1,0
cv_7678,2,0
cv_1539,2,0
cv_294,2,0
cv_2023,2,0
cv_883,2,0
cv_2095,1,0
cv_2178,2,0
cv_1482,1,0
cv_3509,1,0
cv_7963,2,0
cv_3118,2,0
cv_3993,2,0
v076,2,0
cv_1552,2,0
cv_5068,2,0
cv_183,2,0
cv_7089,3,0
cv_6919,2,0
cv_958,1,0
cv_7691,2,0
cv_134,2,0
cv_3392,2,0
cv_2580,2,0
cv_2130,2,0
cv_6505,3,0
cv_6621,1,0
cv_3190,1,0
v073,3,0
cv_5577,2,0
cv_2536,2,0
cv_4701,2,0
cv_2539,1,0
cv_3206,1,0
cv_2538,1,0
cv_2535,1,0
v078,2,0
v077,2,0
cv_6601,2,0
cv_2662,2,0
cv_2428,2,0
cv_1034,1,0
cv_3268,3,0
cv_3280,2,0
cv_6677,2,0
cv_4921,2,0
cv_5288,1,0
cv_91,1,0
cv_5312,2,0
cv_2572,2,0
cv_7679,1,0
cv_6033,2,0
cv_6912,2,0
cv_1850,3,0
cv_7375,2,0
cv_7372,2,0
cv_7371,2,0
cv_7385,2,0
cv_7365,2,0
cv_7376,2,0
cv_7377,1,0
cv_1852,3,0
cv_6247,1,0
cv_6910,2,0
cv_355,1,0
cv_692,2,0
cv_5249,2,0
cv_4261,1,0
cv_6660,2,0
cv_4269,2,0
cv_5623,2,0
cv_1265,2,0
cv_4056,1,0
cv_5524,2,0
cv_5801,1,0
cv_475,1,0
cv_4918,2,0
cv_616,1,0
cv_7537,2,0
cv_6723,2,0
cv_3576,1,0
cv_2138,2,0
cv_7510,2,0
cv_2548,2,0
cv_3306,2,0
cv_2505,1,0
cv_3218,2,0
cv_769,2,0
cv_2125,2,0
cv_2072,2,0
cv_6322,2,0
cv_3980,1,0
cv_7934,1,0
cv_1796,1,0
cv_8019,1,0
cv_2441,2,0
cv_7865,1,0
cv_758,3,0
cv_1868,2,0
cv_5763,1,0
cv_2590,1,0
cv_954,2,0
cv_4178,1,0
cv_2525,2,0
cv_7681,2,0
cv_4142,2,0
cv_4410,2,0
cv_2611,1,0
cv_2420,2,0
cv_6038,2,0
cv_4488,1,0
cv_891,2,0
cv_751,2,0
cv_4423,2,0
cv_6540,2,0
cv_3696,2,0
cv_6618,3,0
cv_6604,2,0
cv_2502,2,0
cv_4096,1,0
cv_5435,2,0
cv_8002,2,0
cv_3447,2,0
cv_2103,2,0
cv_7704,1,0
cv_6428,2,0
cv_395,2,0
cv_376,2,0
cv_7700,1,0
cv_2803,1,0
cv_1008,2,0
cv_2085,2,0
cv_3933,2,0
cv_55,1,0
cv_6673,1,0
cv_7095,2,0
cv_7701,2,0
cv_389,1,0
cv_6616,2,0
cv_529,1,0
cv_6332,2,0
cv_5493,2,0
cv_5561,3,0
cv_961,2,0
cv_129,1,0
cv_6234,2,0
cv_8017,2,0
cv_476,2,0
cv_3555,1,0
cv_312,2,0
cv_626,1,0
cv_6242,1,0
cv_985,1,0
cv_5590,2,0
cv_7971,2,0
cv_1504,2,0
cv_3269,1,0
cv_2126,1,0
cv_3109,2,0
cv_414,2,0
cv_937,2,0
cv_5471,2,0
cv_3140,2,0
cv_6772,1,0
cv_3152,2,0
cv_5891,2,0
cv_4498,1,0
cv_6773,2,0
cv_3151,2,0
cv_4519,1,0
cv_3141,1,0
cv_4521,2,0
cv_3143,2,0
cv_5872,2,0
cv_5895,2,0
cv_5892,3,0
cv_4511,2,0
cv_5876,2,0
cv_6628,2,0
cv_5874,1,0
cv_5878,2,0
cv_3142,3,0
cv_5882,1,0
cv_4514,1,0
cv_5875,2,0
cv_6771,2,0
cv_3150,2,0
cv_534,1,0
cv_6757,2,0
cv_4495,2,0
cv_3147,1,0
cv_2519,2,0
cv_3144,1,0
cv_3146,2,0
cv_3148,2,0
cv_6559,1,0
cv_999,2,0
cv_5512,2,0
cv_2084,2,0
cv_331,2,0
cv_3649,1,0
cv_2115,2,0
cv_6869,3,0
cv_6576,2,0
cv_16,1,0
cv_6241,1,0
cv_1822,2,0
cv_360,1,0
cv_3124,2,0
cv_741,1,0
cv_5473,2,0
cv_193,1,0
cv_452,2,0
cv_796,2,0
cv_3129,2,0
cv_935,1,0
cv_7722,2,0
cv_1444,2,0
cv_7746,2,0
cv_871,2,0
cv_2134,1,0
cv_3540,2,0
cv_128,3,0
cv_5423,2,0
cv_3271,2,0
cv_3996,2,0
cv_670,2,0
cv_372,1,0
cv_666,2,0
cv_6530,2,0
cv_1283,1,0
cv_4016,2,0
cv_6329,2,0
cv_5984,1,0
cv_1339,3,0
cv_711,1,0
cv_641,1,0
cv_2433,1,0
cv_7499,2,0
cv_373,1,0
cv_4159,2,0
cv_1847,2,0
cv_6857,2,0
cv_2552,2,0
cv_337,1,0
cv_5072,2,0
cv_6195,2,0
cv_1171,2,0
cv_5079,2,0
cv_1168,1,0
cv_6201,1,0
cv_6461,2,0
cv_5349,2,0
cv_1829,2,0
cv_2540,1,0
cv_974,2,0
cv_1170,1,0
cv_2066,1,0
cv_1167,1,0
cv_5347,1,0
cv_1742,2,0
cv_5077,2,0
cv_814,3,0
cv_4207,1,0
cv_5081,1,0
cv_5078,1,0
cv_5346,2,0
cv_971,2,0
cv_5071,1,0
cv_2950,2,0
cv_5426,4,0
cv_4873,1,0
cv_6460,2,0
cv_3662,1,0
cv_5334,1,0
cv_1828,2,0
cv_2067,3,0
cv_2064,2,0
cv_1448,1,0
cv_4620,1,0
cv_1446,2,0
cv_1173,1,0
cv_1449,1,0
cv_1827,2,0
cv_2069,2,0
cv_5345,2,0
cv_1919,3,0
cv_975,2,0
cv_4815,1,0
cv_4880,1,0
cv_5109,1,0
cv_2068,1,0
cv_2963,2,0
cv_2065,2,0
cv_5113,1,0
cv_4618,2,0
cv_2063,2,0
cv_1831,1,0
cv_6458,1,0
cv_5073,2,0
cv_5075,2,0
cv_5083,1,0
cv_5082,2,0
cv_2559,3,0
cv_4208,2,0
cv_6464,1,0
cv_4627,2,0
cv_5070,2,0
cv_5076,2,0
cv_7684,1,0
cv_6344,2,0
cv_451,2,0
cv_4114,2,0
cv_4113,2,0
cv_4262,2,0
cv_4118,1,0
cv_4258,1,0
cv_4320,1,0
cv_4160,2,0
cv_5160,2,0
cv_5042,2,0
cv_4256,2,0
cv_4153,2,0
cv_5085,1,0
cv_5066,2,0
cv_5093,2,0
cv_6507,2,0
cv_5087,1,0
cv_4122,2,0
cv_5040,1,0
cv_5086,1,0
cv_4116,1,0
cv_5155,1,0
cv_4281,2,0
cv_4117,2,0
cv_6263,2,0
cv_5154,2,0
cv_5159,5,0
cv_4119,1,0
cv_2477,2,0
cv_5030,2,0
cv_5713,2,0
cv_5153,2,0
cv_5227,2,0
cv_5148,2,0
cv_5712,1,0
cv_5116,1,0
cv_4255,3,0
cv_5034,1,0
cv_5182,2,0
cv_5069,2,0
cv_5065,2,0
cv_5052,1,0
cv_6476,2,0
cv_5503,2,0
cv_5504,1,0
cv_5507,3,0
cv_3283,1,0
cv_5505,1,0
cv_680,1,0
cv_3278,2,0
cv_806,2,0
cv_5185,1,0
cv_5502,2,0
cv_447,2,0
cv_4219,2,0
cv_6354,1,0
cv_674,2,0
cv_4102,2,0
cv_5184,1,0
cv_5054,2,0
cv_4277,2,0
cv_6351,1,0
cv_5108,1,0
cv_2468,2,0
cv_3277,2,0
cv_2688,1,0
cv_5096,1,0
cv_2469,1,0
cv_3276,2,0
cv_5243,2,0
cv_5098,1,0
cv_5341,2,0
cv_5114,1,0
cv_2467,2,0
cv_487,2,0
cv_6470,2,0
cv_5103,2,0
cv_5320,2,0
cv_5105,2,0
cv_5196,1,0
cv_5494,1,0
cv_5104,2,0
cv_5022,2,0
cv_5195,2,0
cv_5024,3,0
cv_5634,2,0
cv_5097,1,0
cv_486,2,0
cv_4251,2,0
cv_5025,2,0
cv_4215,1,0
cv_6261,2,0
cv_2807,1,0
cv_4249,2,0
cv_6350,2,0
cv_3473,1,0
cv_6472,2,0
cv_1486,1,0
cv_3275,2,0
cv_678,2,0
cv_2484,2,0
cv_677,2,0
cv_6353,2,0
cv_2563,1,0
cv_5110,2,0
cv_704,1,0
cv_4088,2,0
cv_5169,1,0
cv_6480,2,0
cv_5172,2,0
cv_4086,2,0
cv_5046,1,0
cv_5171,1,0
cv_4194,1,0
cv_5168,1,0
cv_455,1,0
cv_4127,2,0
cv_4128,1,0
cv_5596,1,0
cv_2139,2,0
cv_4131,2,0
cv_6391,1,0
cv_8072,2,0
cv_5163,1,0
cv_471,2,0
cv_5164,1,0
cv_5514,3,0
cv_5121,1,0
cv_5122,2,0
cv_496,2,0
cv_1692,3,0
cv_5739,1,0
cv_4037,2,0
cv_8028,2,0
cv_5742,1,0
cv_4279,2,0
cv_854,2,0
cv_4017,2,0
cv_200,1,0
cv_495,2,0
cv_3031,1,0
cv_177,2,0
cv_3558,1,0
cv_6905,1,0
cv_983,3,0
cv_2591,1,0
cv_1534,1,0
cv_4221,2,0
cv_1536,1,0
cv_449,2,0
cv_4959,2,0
cv_2173,1,0
cv_7683,1,0
cv_1003,2,0
cv_587,2,0
cv_1686,2,0
cv_2431,2,0
cv_6861,1,0
cv_8013,2,0
cv_7927,1,0
cv_3311,2,0
cv_768,3,0
cv_2687,2,0
cv_2956,2,0
cv_998,3,0
cv_438,2,0
cv_3111,2,0
cv_6651,1,0
cv_928,2,0
cv_3984,1,0
cv_5989,2,0
cv_2619,1,0
cv_2808,2,0
cv_2425,2,0
cv_7744,2,0
cv_4791,2,0
cv_6131,2,0
cv_6113,1,0
cv_6106,2,0
cv_7163,1,0
cv_7166,1,0
cv_7164,1,0
cv_4782,2,0
cv_7158,2,0
cv_6127,2,0
cv_6129,2,0
cv_6117,2,0
cv_3213,2,0
cv_4783,2,0
cv_7160,1,0
cv_6109,2,0
cv_2860,1,0
cv_4779,1,0
cv_6107,2,0
cv_6130,2,0
cv_6128,2,0
cv_6123,2,0
cv_6133,2,0
cv_6110,1,0
cv_6124,2,0
cv_2541,1,0
cv_6112,1,0
cv_6115,2,0
cv_7171,1,0
cv_6122,1,0
cv_6132,2,0
cv_6116,2,0
cv_2861,3,0
cv_6120,2,0
cv_6114,2,0
cv_3211,2,0
cv_2542,1,0
cv_6125,1,0
cv_3215,2,0
cv_7167,1,0
cv_7170,1,0
cv_2863,1,0
cv_6134,2,0
cv_93,2,0
cv_4679,2,0
cv_2168,2,0
cv_4955,2,0
cv_305,2,0
cv_6698,2,0
cv_6641,1,0
cv_1231,2,0
cv_5990,3,0
cv_243,2,0
cv_4149,1,0
cv_1237,2,0
cv_862,2,0
cv_6564,2,0
cv_614,2,0
cv_4300,1,0
cv_3965,1,0
cv_283,3,0
cv_5390,1,0
cv_681,2,0
cv_3284,1,0
cv_5391,1,0
cv_3286,2,0
cv_3564,2,0
cv_7489,2,0
cv_5202,1,0
cv_6761,2,0
cv_7578,2,0
cv_7969,2,0
cv_695,1,0
cv_3545,2,0
cv_1158,1,0
cv_7945,2,0
cv_7718,1,0
cv_816,1,0
cv_6856,2,0
cv_765,1,0
cv_4166,2,0
cv_5579,2,0
cv_4403,1,0
cv_4891,2,0
cv_401,2,0
cv_2806,2,0
cv_4081,2,0
cv_7896,2,0
cv_833,3,0
cv_4557,1,0
cv_3182,1,0
cv_2691,2,0
cv_334,2,0
cv_370,1,0
cv_856,1,0
cv_481,2,0
cv_584,2,0
cv_3237,1,0
cv_4379,2,0
cv_349,1,0
cv_8046,2,0
cv_3524,2,0
cv_2624,2,0
cv_2516,1,0
cv_793,1,0
cv_2802,3,0
cv_544,2,0
cv_4065,2,0
cv_3931,2,0
cv_381,1,0
cv_989,2,0
cv_44,1,0
cv_7121,3,0
cv_4288,1,0
cv_4348,1,0
cv_2435,2,0
cv_421,2,0
cv_2497,1,0
cv_3604,2,0
cv_410,2,0
cv_4280,2,0
cv_4078,2,0
cv_5996,2,0
cv_4223,1,0
cv_1738,2,0
cv_7728,1,0
cv_2576,1,0
cv_635,1,0
cv_3313,2,0
cv_4402,3,0
cv_4068,1,0
cv_2090,1,0
cv_6259,2,0
cv_1814,2,0
cv_3281,1,0
cv_3656,2,0
cv_8006,3,0
cv_285,1,0
cv_1775,1,0
cv_6528,1,0
cv_622,1,0
cv_3747,2,0
cv_4283,1,0
cv_6870,3,0
cv_27,1,0
cv_2129,2,0
cv_1883,1,0
cv_4000,2,0
cv_2082,2,0
cv_7743,1,0
cv_5399,1,0
cv_2426,1,0
cv_386,2,0
cv_4077,1,0
cv_3645,1,0
cv_1551,2,0
cv_4647,2,0
cv_6338,2,0
cv_1020,1,0
cv_2432,1,0
cv_756,2,0
cv_6032,2,0
cv_2131,1,0
cv_964,1,0
cv_8049,2,0
cv_561,2,0
cv_1894,3,0
cv_4928,2,0
cv_4217,2,0
cv_696,2,0
cv_5475,3,0
cv_1017,1,0
cv_1364,2,0
cv_7739,1,0
cv_322,2,0
cv_4157,2,0
cv_6336,1,0
cv_7474,2,0
cv_7859,1,0
cv_938,1,0
cv_1950,2,0
cv_5385,2,0
cv_4005,1,0
cv_3687,1,0
cv_1842,2,0
cv_3681,3,0
cv_5290,2,0
cv_913,2,0
cv_1841,2,0
cv_2910,2,0
cv_916,1,0
cv_992,1,0
cv_6511,3,0
cv_4472,1,0
cv_5165,2,0
cv_1931,1,0
cv_6512,1,0
cv_3680,2,0
cv_1524,1,0
cv_3682,2,0
cv_5166,1,0
cv_5175,1,0
cv_1751,2,0
cv_4768,2,0
cv_1843,2,0
cv_1840,2,0
cv_914,1,0
cv_687,2,0
cv_7539,1,0
cv_2864,1,0
cv_478,2,0
cv_113,1,0
cv_7466,2,0
cv_4172,2,0
cv_1871,3,0
cv_203,1,0
cv_1547,2,0
cv_665,1,0
cv_2412,3,0
cv_426,1,0
cv_8040,2,0
cv_4636,2,0
cv_1772,2,0
cv_6513,3,0
cv_4903,2,0
cv_425,2,0
cv_4375,1,0
cv_7477,2,0
cv_2600,1,0
cv_2545,1,0
cv_2421,1,0
cv_3345,3,0
cv_7508,2,0
cv_7719,1,0
cv_423,2,0
cv_1715,2,0
cv_3531,2,0
cv_6765,2,0
cv_7275,2,0
cv_4123,2,0
cv_6518,1,0
cv_6516,3,0
cv_6515,1,0
cv_785,3,0
cv_7866,1,0
cv_7117,2,0
cv_4597,2,0
cv_4941,2,0
cv_5497,1,0
cv_443,1,0
cv_897,2,0
cv_7809,2,0
cv_5877,1,0
cv_7801,3,0
cv_4894,2,0
cv_8065,2,0
cv_6653,1,0
cv_4644,1,0
cv_6736,2,0
cv_650,1,0
cv_4220,2,0
cv_7476,2,0
cv_5495,1,0
cv_2494,2,0
cv_1948,2,0
cv_396,2,0
cv_524,2,0
cv_5402,2,0
cv_6930,1,0
cv_3744,2,0
cv_5469,1,0
cv_884,2,0
cv_1437,1,0
cv_388,1,0
cv_316,1,0
cv_3628,1,0
cv_2819,1,0
cv_5927,2,0
cv_4981,1,0
cv_6592,1,0
cv_598,2,0
cv_6909,2,0
cv_3358,1,0
cv_6591,1,0
cv_2027,2,0
cv_3627,1,0
cv_4945,1,0
cv_3114,3,0
cv_6170,2,0
cv_4427,1,0
cv_3743,1,0
cv_5285,1,0
cv_4426,2,0
cv_5926,2,0
cv_4428,2,0
cv_2020,2,0
cv_304,2,0
cv_3411,1,0
cv_4585,3,0
cv_5289,1,0
cv_7871,1,0
cv_6074,1,0
cv_3943,2,0
cv_2019,2,0
cv_6073,2,0
cv_3165,2,0
cv_1413,1,0
cv_3742,2,0
cv_5929,1,0
cv_1718,2,0
cv_4759,2,0
cv_1145,1,0
cv_6075,1,0
cv_5406,1,0
cv_5433,2,0
cv_3359,2,0
cv_4124,2,0
cv_7974,2,0
cv_1244,2,0
cv_8047,2,0
cv_3503,2,0
cv_7741,1,0
cv_420,2,0
cv_4648,2,0
cv_2145,2,0
cv_953,1,0
cv_1021,2,0
cv_4380,1,0
cv_6764,2,0
cv_4083,2,0
cv_1543,2,0
cv_885,1,0
cv_1909,3,0
cv_2046,1,0
cv_8074,5,0
cv_8068,2,0
cv_8066,3,0
cv_3561,3,0
cv_3618,1,0
cv_4948,2,0
cv_7887,1,0
cv_5294,1,0
cv_352,1,0
cv_8029,2,0
cv_174,2,0
cv_7569,2,0
cv_2522,2,0
cv_740,2,0
cv_601,1,0
cv_3632,2,0
cv_3299,2,0
cv_2557,2,0
cv_1221,2,0
cv_7977,2,0
cv_3560,1,0
cv_501,1,0
cv_2100,2,0
cv_3307,2,0
cv_2537,1,0
cv_4134,1,0
cv_4658,2,0
cv_350,2,0
cv_8082,2,0
cv_3751,1,0
cv_5439,1,0
cv_6291,2,0
cv_3750,1,0
cv_2644,1,0
cv_1898,3,0
cv_6789,1,0
cv_7872,1,0
cv_3756,2,0
cv_1802,2,0
cv_3415,2,0
cv_3225,2,0
cv_4737,1,0
cv_3753,1,0
cv_3637,1,0
cv_3635,3,0
cv_1036,2,0
cv_3634,2,0
cv_3361,2,0
cv_3360,1,0
cv_5440,1,0
cv_757,2,0
cv_2913,1,0
cv_6171,2,0
cv_1801,2,0
cv_5044,1,0
cv_3636,1,0
cv_5043,2,0
cv_3633,2,0
cv_4663,2,0
cv_7550,1,0
cv_1438,2,0
cv_6016,2,0
cv_7461,2,0
cv_8034,2,0
cv_2124,2,0
cv_3126,2,0
cv_2061,2,0
cv_2218,2,0
cv_7504,2,0
cv_6051,1,0
cv_1963,2,0
cv_764,2,0
cv_3110,1,0
cv_1592,2,0
cv_876,1,0
cv_6832,2,0
cv_5795,2,0
cv_7737,7,0
cv_2814,2,0
cv_2117,2,0
cv_4625,2,0
cv_6848,2,0
cv_4820,1,0
cv_4697,2,0
cv_4819,1,0
cv_6139,2,0
cv_5373,2,0
cv_5252,2,0
cv_1756,2,0
cv_4821,1,0
cv_6643,1,0
cv_2107,2,0
cv_1816,2,0
cv_7897,1,0
cv_4588,2,0
cv_3529,2,0
cv_1240,2,0
cv_754,2,0
cv_3207,1,0
cv_7543,2,0
cv_1864,2,0
cv_1272,2,0
cv_7992,2,0
cv_545,1,0
cv_3958,2,0
cv_4925,2,0
cv_7706,1,0
cv_887,1,0
cv_4675,2,0
cv_7745,1,0
cv_977,2,0
cv_2556,2,0
cv_7915,1,0
cv_721,2,0
cv_6394,2,0
cv_5306,2,0
cv_5323,2,0
cv_653,1,0
cv_5348,2,0
cv_5297,2,0
cv_7544,2,0
cv_7761,1,0
cv_6388,2,0
cv_5329,2,0
cv_5307,2,0
cv_5331,2,0
cv_6387,1,0
cv_5344,2,0
cv_5317,1,0
cv_2582,1,0
cv_7760,2,0
cv_5302,1,0
cv_2581,1,0
cv_7763,1,0
cv_6393,1,0
cv_7756,2,0
cv_6389,3,0
cv_8030,2,0
cv_7762,1,0
cv_5318,2,0
cv_5300,2,0
cv_5299,1,0
cv_2588,3,0
cv_5330,3,0
cv_5304,2,0
cv_7759,2,0
cv_6390,2,0
cv_4286,1,0
cv_405,2,0
cv_7521,1,0
cv_6254,3,0
cv_5656,2,0
cv_3536,1,0
cv_6938,2,0
cv_5198,1,0
cv_1927,3,0
cv_605,2,0
cv_7705,2,0
cv_3964,2,0
cv_6759,1,0
cv_441,2,0
cv_8044,1,0
cv_1733,2,0
cv_7005,2,0
cv_3516,2,0
cv_4584,2,0
cv_6567,1,0
cv_6829,1,0
cv_4295,2,0
cv_4082,2,0
cv_5999,2,0
cv_5603,2,0
cv_991,3,0
cv_6257,2,0
cv_4180,2,0
cv_1804,2,0
cv_6735,2,0
cv_37,1,0
cv_8058,2,0
cv_5815,2,0
cv_6672,2,0
cv_7994,1,0
cv_53,1,0
cv_7675,2,0
cv_6920,2,0
cv_289,1,0
cv_384,2,0
cv_7738,2,0
cv_834,2,0
cv_440,1,0
cv_822,1,0
cv_5048,1,0
cv_2486,1,0
cv_7516,2,0
cv_4024,2,0
cv_2073,2,0
cv_3490,2,0
cv_7987,2,0
cv_1945,2,0
cv_308,1,0
cv_6042,2,0
cv_4678,2,0
cv_1239,2,0
cv_7577,2,0
cv_5794,2,0
cv_5567,2,0
cv_5607,2,0
cv_639,3,0
cv_3128,2,0
cv_4594,1,0
cv_3723,2,0
cv_7717,2,0
cv_1105,2,0
cv_5420,1,0
cv_6605,2,0
cv_1495,1,0
cv_713,2,0
cv_6536,1,0
cv_1659,2,0
cv_3239,2,0
cv_5313,2,0
cv_6822,2,0
cv_949,1,0
cv_4990,2,0
cv_7708,1,0
cv_3720,2,0
cv_7542,1,0
cv_453,2,0
cv_4406,2,0
cv_6899,3,0
cv_1594,2,0
cv_2947,2,0
cv_3185,2,0
cv_3580,1,0
cv_7857,1,0
cv_982,1,0
cv_6608,3,0
cv_109,1,0
cv_5458,2,0
cv_5629,2,0
cv_7753,1,0
cv_1468,1,0
cv_6255,2,0
cv_3546,1,0
cv_1735,2,0
cv_4698,1,0
cv_5393,1,0
cv_2417,3,0
cv_2805,1,0
cv_6331,2,0
cv_7574,2,0
cv_211,2,0
cv_1818,2,0
cv_7110,2,0
cv_339,2,0
cv_4333,1,0
cv_5247,2,0
cv_2142,1,0
cv_8016,2,0
cv_3664,1,0
cv_2946,2,0
cv_445,2,0
cv_3578,2,0
cv_7560,2,0
cv_7208,1,0
cv_7711,2,0
cv_7736,2,0
cv_3192,1,0
cv_5658,2,0
cv_4334,1,0
cv_1005,2,0
cv_5660,2,0
cv_2599,2,0
cv_1022,2,0
cv_8039,2,0
cv_6549,2,0
cv_6665,2,0
cv_6445,2,0
cv_4893,2,0
cv_435,2,0
cv_4030,2,0
cv_4184,2,0
cv_1576,2,0
cv_8062,2,0
cv_4141,2,0
cv_5488,2,0
cv_4649,2,0
cv_5775,1,0
cv_2984,2,0
cv_6733,2,0
cv_838,2,0
cv_4938,1,0
cv_965,3,0
cv_1514,2,0
cv_3200,1,0
cv_3266,2,0
cv_851,3,0
cv_4006,2,0
cv_5261,2,0
cv_7274,2,0
cv_439,2,0
cv_905,1,0
cv_1616,1,0
cv_7559,1,0
cv_4241,1,0
cv_3117,2,0
cv_8000,4,0
cv_6265,2,0
cv_2482,2,0
cv_3659,2,0
cv_3614,1,0
cv_3663,2,0
cv_8048,2,0
cv_4054,2,0
cv_110,1,0
cv_7953,2,0
cv_618,1,0
cv_4011,2,0
cv_5551,2,0
cv_969,2,0
cv_791,1,0
cv_5376,2,0
cv_5236,1,0
cv_5647,2,0
cv_1483,1,0
cv_7686,1,0
cv_7899,1,0
cv_2081,2,0
cv_3495,2,0
cv_1288,3,0
cv_3181,2,0
cv_669,2,0
cv_1951,2,0
cv_4397,2,0
cv_3697,2,0
cv_251,2,0
cv_3541,2,0
cv_4075,1,0
cv_6267,1,0
cv_6403,2,0
cv_5351,1,0
cv_6400,2,0
cv_5370,2,0
cv_5363,2,0
cv_3320,2,0
cv_5368,2,0
cv_5359,1,0
cv_6401,2,0
cv_5356,2,0
cv_5357,1,0
cv_3317,1,0
cv_3319,2,0
cv_7579,1,0
cv_6398,2,0
cv_5384,2,0
cv_3610,2,0
cv_1538,2,0
cv_2436,3,0
cv_3675,2,0
cv_3445,2,0
cv_5381,2,0
cv_4304,2,0
cv_4942,1,0
cv_3127,1,0
cv_5978,2,0
cv_4170,1,0
cv_6850,1,0
cv_7792,2,0
cv_7783,2,0
cv_7794,1,0
cv_7795,1,0
cv_7787,2,0
cv_7784,3,0
cv_7793,2,0
cv_7788,1,0
cv_2997,1,0
cv_3391,2,0
cv_2146,2,0
cv_5570,2,0
cv_4596,2,0
cv_5484,2,0
cv_5582,2,0
cv_6935,2,0
cv_4485,2,0
cv_2601,3,0
cv_3571,1,0
cv_7976,2,0
cv_3113,2,0
cv_1391,1,0
cv_4228,2,0
cv_5778,1,0
cv_7996,2,0
cv_738,1,0
cv_6000,3,0
cv_7520,1,0
cv_2634,1,0
cv_7694,2,0
cv_4400,2,0
cv_2056,2,0
cv_3326,1,0
cv_1141,1,0
cv_1807,2,0
cv_1564,2,0
cv_3955,1,0
cv_6702,2,0
cv_2844,2,0
cv_5322,2,0
cv_1639,2,0
cv_5273,1,0
cv_3402,2,0
cv_4538,1,0
cv_3734,2,0
cv_5853,2,0
cv_5274,1,0
cv_3738,2,0
cv_5850,2,0
cv_4106,2,0
cv_3732,2,0
cv_6588,2,0
cv_7816,2,0
cv_5276,1,0
cv_437,1,0
cv_7869,1,0
cv_875,2,0
cv_3626,1,0
cv_2018,2,0
cv_3733,3,0
cv_4537,3,0
cv_3735,1,0
cv_2524,1,0
cv_4581,2,0
cv_2676,3,0
cv_5422,2,0
cv_6582,2,0
cv_3133,2,0
cv_2526,2,0
cv_5421,2,0
cv_4539,1,0
cv_4837,2,0
cv_6161,1,0
cv_4724,1,0
cv_2527,1,0
cv_6587,2,0
cv_5416,2,0
cv_5275,2,0
cv_3736,1,0
cv_6585,1,0
cv_1130,2,0
cv_4651,2,0
cv_3401,2,0
cv_2017,2,0
cv_4098,1,0
cv_6583,1,0
cv_4111,1,0
cv_880,2,0
cv_3224,2,0
cv_5417,1,0
cv_1939,1,0
cv_5511,1,0
cv_7514,1,0
cv_4859,2,0
cv_6194,1,0
cv_5100,1,0
cv_5677,1,0
cv_314,1,0
cv_5340,2,0
cv_6191,2,0
cv_4213,2,0
cv_3205,2,0
cv_1824,2,0
cv_4680,1,0
cv_6600,1,0
cv_4855,2,0
cv_272,1,0
cv_6184,2,0
cv_6181,2,0
cv_5336,2,0
cv_6185,2,0
cv_4608,2,0
cv_6193,2,0
cv_6186,2,0
cv_5342,1,0
cv_5873,2,0
cv_5277,2,0
cv_3203,1,0
cv_5343,2,0
cv_6746,2,0
cv_5490,1,0
cv_3204,2,0
cv_313,2,0
cv_5485,1,0
cv_6380,2,0
cv_5084,1,0
cv_3781,2,0
cv_4609,2,0
cv_2549,2,0
cv_427,2,0
cv_147,1,0
cv_382,2,0
cv_789,1,0
cv_79,1,0
cv_5237,1,0
cv_2577,1,0
cv_6699,1,0
cv_2848,2,0
cv_6430,2,0
cv_972,1,0
cv_861,1,0
cv_2087,2,0
cv_492,1,0
cv_7082,3,0
cv_1155,1,0
cv_4260,2,0
cv_1475,2,0
cv_4033,1,0
cv_7094,2,0
cv_274,2,0
cv_1503,2,0
cv_6671,3,0
cv_731,1,0
cv_7084,2,0
cv_4391,1,0
cv_745,2,0
cv_5438,1,0
cv_3605,1,0
cv_1033,3,0
cv_5581,2,0
cv_4291,2,0
cv_7496,2,0
cv_7685,2,0
cv_1737,2,0
cv_3208,1,0
cv_1238,2,0
cv_436,3,0
cv_4079,2,0
cv_7051,2,0
cv_6667,1,0
cv_716,2,0
cv_4002,1,0
cv_7361,2,0
cv_3712,1,0
cv_4179,2,0
cv_7301,2,0
cv_5284,1,0
cv_4382,2,0
cv_6436,2,0
cv_7509,2,0
cv_4633,2,0
cv_4193,2,0
cv_2070,2,0
cv_366,1,0
cv_4988,1,0
cv_3123,1,0
cv_2429,1,0
cv_5482,2,0
cv_4200,2,0
cv_2793,2,0
cv_392,2,0
cv_3493,2,0
cv_7714,2,0
cv_7073,2,0
cv_2128,2,0
cv_5602,1,0
cv_1620,1,0
cv_6284,2,0
cv_277,1,0
cv_5414,1,0
cv_2865,1,0
cv_450,3,0
cv_472,2,0
cv_7501,3,0
cv_5167,2,0
cv_7939,3,0
cv_135,1,0
cv_2419,1,0
cv_4148,2,0
cv_7674,2,0
cv_4147,1,0
cv_4093,2,0
cv_720,1,0
cv_385,2,0
cv_4275,1,0
cv_1623,1,0
cv_1962,2,0
cv_2955,2,0
cv_7336,1,0
cv_4025,3,0
cv_2508,3,0
cv_6095,1,0
cv_5365,2,0
cv_5194,3,0
cv_4359,2,0
cv_402,2,0
cv_4181,3,0
cv_7492,2,0
cv_2133,2,0
cv_6828,2,0
cv_3715,2,0
cv_158,2,0
cv_4143,2,0
cv_5542,2,0
cv_5630,2,0
cv_336,2,0
cv_929,1,0
cv_4266,1,0
cv_159,2,0
cv_5537,1,0
cv_4013,2,0
cv_3678,2,0
cv_4408,2,0
cv_1964,2,0
cv_818,3,0
cv_4236,2,0
cv_912,2,0
cv_5772,1,0
cv_2993,2,0
cv_6318,2,0
cv_5483,2,0
cv_3116,2,0
cv_6502,1,0
cv_870,1,0
cv_5453,2,0
cv_2553,1,0
cv_742,2,0
cv_2960,1,0
cv_5372,2,0
cv_5506,1,0
cv_375,2,0
cv_6808,2,0
cv_5445,2,0
cv_6814,2,0
cv_5418,2,0
cv_6809,2,0
cv_5444,2,0
cv_809,4,0
cv_5448,2,0
cv_2677,1,0
cv_6803,2,0
cv_5407,3,0
cv_6810,1,0
cv_5398,2,0
cv_5400,1,0
cv_5375,2,0
cv_6806,2,0
cv_6797,2,0
cv_2959,2,0
cv_5419,2,0
cv_5403,2,0
cv_5431,2,0
cv_5374,2,0
cv_5508,1,0
cv_6807,2,0
cv_3971,2,0
cv_5404,2,0
cv_6802,2,0
cv_6801,2,0
cv_7483,1,0
cv_6335,2,0
cv_8041,2,0
cv_1958,2,0
cv_6726,2,0
cv_4271,1,0
cv_776,1,0
cv_64,1,0
cv_2490,1,0
cv_6510,2,0
cv_1376,2,0
cv_3722,2,0
cv_7445,2,0
cv_7983,2,0
cv_2980,2,0
cv_6738,1,0
cv_6615,2,0
cv_5546,1,0
cv_98,2,0
cv_7998,2,0
cv_2862,1,0
cv_4593,1,0
cv_3985,2,0
cv_3975,1,0
cv_3287,1,0
cv_1872,2,0
cv_1855,2,0
cv_1780,2,0
cv_1857,3,0
cv_6527,1,0
cv_7874,3,0
cv_310,2,0
cv_1867,1,0
cv_1849,3,0
cv_1777,2,0
cv_346,1,0
cv_1866,2,0
cv_1776,2,0
cv_1774,1,0
cv_7875,2,0
cv_7962,2,0
cv_1851,1,0
cv_282,2,0
cv_3620,1,0
cv_7698,1,0
cv_4687,1,0
cv_3593,2,0
cv_7687,2,0
cv_3623,3,0
cv_3616,1,0
cv_4725,2,0
cv_4838,1,0
cv_7715,2,0
cv_4684,3,0
cv_7695,1,0
cv_3688,1,0
cv_3643,3,0
cv_3617,1,0
cv_4692,1,0
cv_2867,1,0
cv_3606,1,0
cv_7688,1,0
cv_4683,1,0
cv_3644,1,0
cv_3622,1,0
cv_3679,1,0
cv_3666,1,0
cv_4786,2,0
cv_7723,2,0
cv_7699,2,0
cv_3673,1,0
cv_4784,1,0
cv_4852,2,0
cv_7731,2,0
cv_6724,2,0
cv_3611,1,0
cv_1693,2,0
cv_627,1,0
cv_2837,3,0
cv_7729,1,0
cv_2636,2,0
cv_262,2,0
cv_3642,2,0
cv_3647,1,0
cv_3661,2,0
cv_2868,1,0
cv_2835,2,0
cv_3607,2,0
cv_7707,1,0
cv_7710,1,0
cv_3621,1,0
cv_3590,2,0
cv_3609,2,0
cv_3639,1,0
cv_288,1,0
cv_3652,2,0
cv_3671,1,0
cv_2657,2,0
cv_7712,1,0
cv_4822,1,0
cv_3668,3,0
cv_4007,1,0
cv_6494,2,0
cv_2665,2,0
cv_3347,2,0
cv_6488,2,0
cv_424,1,0
cv_3337,2,0
cv_6493,3,0
cv_6485,1,0
cv_3745,1,0
cv_2957,1,0
cv_394,2,0
cv_6490,2,0
cv_7352,2,0
cv_6496,1,0
cv_3346,2,0
cv_3994,2,0
cv_3757,2,0
cv_7345,2,0
cv_3352,1,0
cv_2684,2,0
cv_2669,1,0
cv_4029,1,0
cv_5353,2,0
cv_3746,2,0
cv_3741,2,0
cv_6482,2,0
cv_3740,1,0
cv_7351,2,0
cv_4027,2,0
cv_3336,2,0
cv_2675,1,0
cv_3983,2,0
cv_4018,2,0
cv_2671,2,0
cv_726,2,0
cv_3350,2,0
cv_3370,1,0
cv_3351,2,0
cv_658,2,0
cv_3188,2,0
cv_4970,2,0
cv_3557,2,0
cv_4059,1,0
cv_7988,2,0
cv_4414,2,0
cv_488,1,0
cv_994,1,0
cv_629,1,0
cv_59,2,0
cv_500,2,0
cv_56,1,0
cv_8045,2,0
cv_65,2,0
cv_498,2,0
cv_7847,1,0
cv_7849,1,0
cv_7841,1,0
cv_7846,1,0
cv_8004,2,0
cv_7986,2,0
cv_7840,1,0
cv_7843,1,0
cv_57,2,0
cv_497,2,0
cv_7842,1,0
cv_7844,1,0
cv_7850,2,0
cv_7851,1,0
cv_100,1,0
cv_6833,2,0
cv_727,1,0
cv_2411,1,0
cv_5303,2,0
cv_1782,1,0
cv_1510,2,0
cv_7576,2,0
cv_2567,1,0
cv_4290,2,0
cv_6739,2,0
cv_290,3,0
cv_7928,2,0
cv_4073,2,0
cv_5792,2,0
cv_4107,2,0
cv_2141,2,0
cv_7057,2,0
cv_7359,2,0
cv_3376,1,0
cv_7294,2,0
cv_6612,2,0
cv_4940,1,0
cv_3701,1,0
cv_4951,1,0
cv_2106,2,0
cv_5718,2,0
cv_502,2,0
cv_335,1,0
cv_4457,2,0
cv_2670,2,0
cv_7235,1,0
cv_7493,2,0
cv_7120,2,0
cv_960,1,0
cv_3300,3,0
cv_5380,2,0
cv_3194,1,0
cv_8071,1,0
cv_1246,2,0
cv_4404,1,0
cv_3625,1,0
cv_7298,2,0
cv_5272,2,0
cv_1439,1,0
cv_6720,3,0
cv_5576,1,0
cv_1887,1,0
cv_5468,1,0
cv_6928,1,0
cv_404,1,0
cv_323,2,0
cv_369,1,0
cv_43,1,0
cv_5125,2,0
cv_7107,2,0
cv_3385,2,0
cv_1337,2,0
cv_638,1,0
cv_5520,1,0
cv_3537,2,0
cv_6639,2,0
cv_7727,1,0
cv_4932,2,0
cv_149,2,0
cv_5489,1,0
cv_1270,1,0
cv_8079,2,0
cv_6704,1,0
cv_945,1,0
cv_1484,2,0
cv_291,3,0
cv_6273,2,0
cv_416,2,0
cv_2495,2,0
cv_3156,2,0
cv_4199,2,0
cv_981,2,0
cv_6268,2,0
cv_3496,2,0
cv_4039,2,0
cv_4064,2,0
cv_1142,1,0
cv_3520,1,0
cv_6314,2,0
cv_2447,1,0
cv_1015,2,0
cv_5427,2,0
cv_3489,1,0
cv_299,2,0
cv_4884,2,0
cv_7083,2,0
cv_6293,2,0
cv_6706,2,0
cv_6751,1,0
cv_6754,1,0
cv_6749,2,0
cv_6750,2,0
cv_6756,2,0
cv_6745,3,0
cv_2108,2,0
cv_6714,2,0
cv_6753,1,0
cv_6748,2,0
cv_6719,1,0
cv_6747,2,0
cv_3972,1,0
cv_767,4,0
cv_296,3,0
cv_3334,3,0
cv_5534,2,0
cv_3788,2,0
cv_6320,2,0
cv_1969,2,0
cv_5626,2,0
cv_341,1,0
cv_4916,2,0
cv_7938,2,0
cv_5088,1,0
cv_1583,2,0
cv_4012,2,0
cv_5388,1,0
cv_7916,1,0
cv_2037,2,0
cv_1243,1,0
cv_1837,1,0
cv_1848,2,0
cv_5654,2,0
cv_1169,2,0
cv_3970,1,0
cv_1147,1,0
cv_3575,1,0
cv_5350,2,0
cv_3794,2,0
cv_7450,2,0
cv_4144,1,0
cv_1645,2,0
cv_7529,2,0
cv_4418,2,0
cv_411,2,0
cv_6599,3,0
cv_5635,1,0
cv_6766,2,0
cv_5411,2,0
cv_8023,2,0
cv_3987,1,0
cv_4950,2,0
cv_4409,2,0
cv_2493,2,0
cv_7991,1,0
cv_5321,1,0
cv_284,1,0
cv_7693,1,0
cv_4212,2,0
cv_1577,1,0
cv_6818,2,0
cv_7449,3,0
cv_163,1,0
cv_2450,1,0
cv_2123,1,0
cv_4063,1,0
cv_3676,1,0
cv_477,2,0
cv_7448,2,0
cv_4232,2,0
cv_3974,1,0
cv_3488,2,0
cv_7253,3,0
cv_5281,2,0
cv_7538,2,0
cv_4028,2,0
cv_888,1,0
cv_4072,1,0
cv_4869,1,0
cv_4175,2,0
cv_3638,2,0
cv_2122,1,0
cv_966,2,0
cv_4887,1,0
cv_4870,1,0
cv_4051,2,0
cv_7975,2,0
cv_5727,1,0
cv_893,1,0
cv_6819,1,0
cv_4913,3,0
cv_4579,1,0
cv_4743,2,0
cv_874,2,0
cv_896,2,0
cv_7752,2,0
cv_3478,2,0
cv_7241,1,0
cv_3731,1,0
cv_5455,1,0
cv_5816,2,0
cv_4976,2,0
cv_7734,1,0
cv_7989,2,0
cv_3725,2,0
cv_4284,1,0
cv_7074,1,0
cv_5213,2,0
cv_4874,1,0
cv_2438,2,0
cv_3507,1,0
cv_2813,1,0
cv_6163,2,0
cv_4138,2,0
cv_4074,3,0
cv_5622,2,0
cv_5200,1,0
cv_4335,3,0
cv_2801,2,0
cv_3379,2,0
cv_7502,1,0
cv_3057,1,0
cv_5333,2,0
cv_463,1,0
cv_2958,2,0
cv_4425,2,0
cv_4455,2,0
cv_3641,1,0
cv_4962,2,0
cv_4944,1,0
cv_2105,1,0
cv_7432,2,0
cv_5456,1,0
cv_5225,1,0
cv_293,2,0
cv_7190,2,0
cv_3538,2,0
cv_7215,1,0
cv_7228,1,0
cv_5911,1,0
cv_3549,2,0
cv_132,2,0
cv_7943,2,0
cv_5395,2,0
cv_117,2,0
cv_7682,1,0
cv_7199,2,0
cv_1098,1,0
cv_6932,2,0
cv_6936,2,0
cv_6944,2,0
cv_6941,2,0
cv_6940,2,0
cv_6931,2,0
cv_6927,2,0
cv_6945,2,0
cv_6934,2,0
cv_6866,1,0
cv_6859,2,0
cv_5517,2,0
cv_3329,1,0
cv_6863,3,0
cv_6890,3,0
cv_5516,1,0
cv_6842,1,0
cv_6846,2,0
cv_6855,1,0
cv_6845,1,0
cv_794,1,0
cv_6865,1,0
cv_995,1,0
cv_943,2,0
cv_946,1,0
cv_967,1,0
cv_970,2,0
cv_968,2,0
cv_952,2,0
cv_5564,2,0
cv_947,1,0
cv_6867,4,0
cv_6841,1,0
cv_6853,2,0
cv_996,2,0
cv_925,1,0
cv_936,1,0
cv_976,1,0
cv_959,2,0
cv_990,1,0
cv_979,1,0
cv_1000,2,0
cv_3344,2,0
cv_948,2,0
cv_6871,3,0
cv_980,3,0
cv_6843,2,0
cv_950,1,0
cv_6878,1,0
cv_6844,1,0
cv_1001,1,0
cv_951,2,0
cv_6879,2,0
cv_6883,3,0
cv_3331,3,0
cv_5515,1,0
cv_6887,3,0
cv_6888,1,0
cv_6872,1,0
cv_963,2,0
cv_6889,3,0
cv_5510,1,0
cv_944,1,0
cv_6868,1,0
cv_984,2,0
cv_6880,1,0
cv_6876,1,0
cv_6874,1,0
cv_5568,1,0
cv_6873,1,0
cv_930,1,0
cv_839,2,0
cv_841,1,0
cv_774,1,0
cv_855,3,0
cv_7900,2,0
cv_7902,1,0
cv_902,2,0
cv_7898,1,0
cv_904,1,0
cv_6580,1,0
cv_1229,2,0
cv_1232,1,0
cv_1228,2,0
cv_1285,2,0
cv_1245,2,0
cv_1241,1,0
cv_1235,2,0
cv_1234,2,0
cv_1277,2,0
cv_1274,1,0
cv_1281,1,0
cv_7981,2,0
cv_6578,4,0
cv_1257,2,0
cv_1236,3,0
cv_1280,2,0
cv_1276,2,0
cv_6619,3,0
cv_6579,2,0
cv_6596,2,0
cv_8033,3,0
cv_6695,2,0
cv_2512,2,0
cv_3727,2,0
cv_2815,2,0
cv_311,2,0
cv_3122,2,0
cv_546,1,0
cv_8012,2,0
cv_5296,1,0
cv_628,1,0
cv_3502,2,0
cv_4190,2,0
cv_4222,1,0
cv_4949,2,0
cv_4282,2,0
cv_3499,2,0
cv_7431,3,0
cv_340,2,0
cv_4231,1,0
cv_5092,1,0
cv_5498,2,0
cv_2086,2,0
cv_7770,1,0
cv_7774,1,0
cv_2943,1,0
cv_2944,2,0
cv_7767,1,0
cv_7765,1,0
cv_7771,1,0
cv_2945,2,0
cv_7775,2,0
cv_7766,1,0
cv_7772,2,0
cv_903,1,0
cv_2667,2,0
cv_2794,2,0
cv_3670,1,0
cv_3942,2,0
cv_3500,2,0
cv_4204,1,0
cv_2596,1,0
cv_1550,2,0
cv_7356,2,0
cv_3066,1,0
cv_7547,1,0
cv_2016,2,0
cv_6542,2,0
cv_6412,2,0
cv_3519,2,0
cv_5415,3,0
cv_6408,3,0
cv_761,2,0
cv_6614,1,0
cv_7935,1,0
cv_3640,1,0
cv_5428,2,0
cv_458,2,0
cv_2150,2,0
cv_469,1,0
cv_1582,2,0
v038,1,0
cv_5136,1,0
cv_5729,2,0
cv_7312,2,0
cv_2060,2,0
cv_4413,2,0
cv_409,2,0
cv_7243,2,0
cv_3119,2,0
cv_7436,2,0
cv_2092,2,0
cv_7680,3,0
cv_7072,1,0
cv_6834,2,0
cv_2900,1,0
cv_4090,2,0
cv_5509,1,0
cv_7297,2,0
cv_5265,2,0
cv_2071,1,0
cv_4946,2,0
cv_2466,2,0
cv_4882,2,0
cv_415,2,0
cv_6831,2,0
cv_7277,1,0
cv_417,1,0
cv_368,1,0
cv_197,2,0
cv_3491,2,0
cv_412,1,0
cv_7665,3,0
cv_4412,2,0
cv_378,2,0
cv_377,2,0
cv_2098,3,0
cv_2055,2,0
cv_2137,2,0
cv_2101,2,0
cv_2077,2,0
cv_387,2,0
cv_347,2,0
cv_391,2,0
cv_2097,2,0
cv_2114,1,0
cv_2091,2,0
cv_112,1,0
cv_4299,1,0
cv_849,2,0
cv_2083,1,0
cv_6970,2,0
cv_2096,2,0
cv_2144,2,0
cv_5429,2,0
cv_7454,2,0
cv_4417,1,0
cv_682,2,0
cv_2113,2,0
cv_4229,2,0
cv_7453,1,0
cv_4010,2,0
cv_4885,2,0
cv_7332,1,0
cv_1797,2,0
cv_4163,2,0
cv_422,1,0
cv_5466,2,0
cv_4349,1,0
cv_2812,2,0
cv_4900,1,0
cv_3387,1,0
cv_3685,2,0
cv_4267,4,0
cv_303,2,0
cv_6014,2,0
cv_3341,2,0
cv_4952,2,0
cv_684,1,0
cv_5544,2,0
cv_3755,2,0
cv_2485,2,0
cv_7536,1,0
cv_3953,2,0
cv_7218,2,0
cv_7182,2,0
cv_843,1,0
cv_717,1,0
cv_3132,2,0
cv_7216,2,0
cv_7503,1,0
cv_359,1,0
cv_380,1,0
cv_7310,2,0
cv_4001,2,0
cv_5339,2,0
cv_4192,1,0
cv_7511,2,0
cv_6569,3,0
cv_5396,2,0
cv_4456,2,0
cv_6151,1,0
cv_844,1,0
cv_6177,2,0
cv_6700,1,0
cv_1657,2,0
cv_3454,2,0
cv_8086,3,0
cv_2132,2,0
cv_3803,2,0
cv_5730,2,0
cv_2424,2,0
cv_4085,1,0
cv_4076,1,0
cv_3669,1,0
cv_633,3,0
cv_3368,2,0
cv_3477,2,0
cv_3724,2,0
cv_2799,1,0
cv_2953,1,0
cv_4237,3,0
cv_3534,2,0
cv_5143,1,0
cv_7716,1,0
cv_2483,2,0
cv_7295,2,0
cv_3497,2,0
cv_5477,1,0
cv_6602,3,0
cv_845,3,0
cv_1566,2,0
cv_846,2,0
cv_3508,1,0
cv_2104,2,0
cv_6722,1,0
cv_131,1,0
cv_5189,1,0
cv_1812,2,0
cv_7661,1,0
cv_3672,1,0
cv_3234,1,0
cv_4974,1,0
cv_3056,1,0
cv_4344,2,0
cv_7505,1,0
cv_5479,1,0
cv_4850,2,0
cv_5578,1,0
cv_6244,1,0
cv_141,1,0
cv_619,2,0
cv_1325,2,0
cv_1813,2,0
cv_652,1,0
cv_2513,2,0
cv_430,2,0
cv_3063,1,0
cv_5324,2,0
cv_7999,3,0
cv_2448,2,0
cv_3518,2,0
cv_6262,1,0
cv_1960,2,0
cv_6711,2,0
cv_397,2,0
cv_7749,1,0
cv_2127,1,0
cv_5241,2,0
cv_4276,2,0
cv_398,2,0
cv_3506,1,0
cv_7248,2,0
cv_6061,1,0
cv_38,1,0
cv_7311,2,0
cv_4108,1,0
cv_3505,2,0
cv_5263,2,0
cv_457,2,0
cv_3510,2,0
cv_4094,1,0
cv_2437,2,0
cv_7931,1,0
cv_4387,1,0
cv_358,1,0
cv_3689,2,0
cv_6767,2,0
cv_3692,2,0
cv_2148,1,0
cv_3378,2,0
cv_4888,2,0
cv_7535,2,0
cv_2440,1,0
cv_4240,1,0
cv_8092,2,0
cv_4847,2,0
cv_124,1,0
cv_5355,2,0
cv_3990,1,0
cv_6922,2,0
cv_4135,2,0
cv_7885,2,0
cv_5152,3,0
cv_1767,1,0
cv_4383,1,0
cv_7451,2,0
cv_4247,2,0
cv_4257,2,0
cv_4084,1,0
cv_840,3,0
cv_5335,2,0
cv_2509,2,0
cv_5412,2,0
cv_7281,3,0
cv_4155,2,0
cv_4833,2,0
cv_5529,2,0
cv_4087,1,0
cv_4424,2,0
cv_4060,2,0
cv_3058,1,0
cv_3690,1,0
cv_3998,2,0
cv_4136,2,0
cv_4996,2,0
cv_2059,1,0
cv_390,2,0
cv_5262,1,0
cv_4927,1,0
cv_5089,1,0
cv_6839,1,0
cv_676,2,0
cv_6915,2,0
cv_6901,2,0
cv_7061,1,0
cv_2475,1,0
cv_1553,2,0
cv_5233,1,0
cv_7314,1,0
cv_4031,2,0
cv_7549,1,0
cv_107,1,0
cv_3979,2,0
cv_698,1,0
cv_714,1,0
cv_4411,2,0
cv_4987,1,0
cv_4832,1,0
cv_5531,2,0
cv_6981,2,0
cv_7204,2,0
cv_3055,2,0
cv_7956,2,0
cv_718,1,0
cv_459,2,0
cv_3061,1,0
cv_2036,2,0
cv_6823,2,0
cv_526,1,0
cv_3064,2,0
cv_485,2,0
cv_7358,2,0
cv_468,1,0
cv_3646,1,0
cv_2800,3,0
cv_4210,2,0
cv_2453,2,0
cv_3382,1,0
cv_3062,1,0
cv_4385,1,0
cv_737,1,0
cv_3399,2,0
cv_5460,1,0
cv_3390,2,0
cv_7452,2,0
cv_1454,1,0
cv_5817,2,0
cv_2045,2,0
cv_3694,1,0
cv_7317,1,0
cv_4324,2,0
cv_4022,2,0
cv_3377,2,0
cv_175,1,0
cv_4103,2,0
cv_7433,2,0
cv_5593,2,0
cv_7247,2,0
cv_6820,1,0
cv_301,2,0
cv_3381,2,0
cv_4935,2,0
cv_7658,2,0
cv_429,2,0
cv_3367,1,0
cv_933,2,0
cv_4265,2,0
cv_1453,1,0
cv_5223,3,0
cv_5193,2,0
cv_7748,1,0
cv_673,1,0
cv_4416,2,0
cv_4422,2,0
cv_7254,2,0
cv_5234,2,0
cv_454,1,0
cv_364,1,0
cv_300,2,0
cv_4049,2,0
cv_5454,2,0
cv_5464,1,0
cv_4947,1,0
cv_4740,2,0
cv_1815,2,0
cv_5014,2,0
cv_6907,2,0
cv_3522,2,0
cv_2560,2,0
cv_143,1,0
cv_13,1,0
cv_4898,2,0
cv_5228,1,0
cv_2140,2,0
cv_4132,2,0
cv_3115,2,0
cv_3698,2,0
cv_7198,2,0
cv_3289,2,0
cv_2430,2,0
cv_7258,2,0
cv_3710,2,0
cv_4227,1,0
cv_8094,2,0
cv_8089,2,0
cv_8031,2,0
cv_8096,1,0
cv_8059,2,0
cv_3801,3,0
cv_1833,1,0
cv_6712,2,0
cv_6552,1,0
cv_4816,2,0
cv_4665,2,0
cv_5124,2,0
cv_1029,3,0
cv_842,1,0
cv_4889,2,0
cv_4162,2,0
cv_663,1,0
cv_4226,1,0
cv_654,1,0
cv_8055,2,0
cv_1321,1,0
cv_6622,1,0
cv_6546,2,0
cv_379,2,0
cv_5253,1,0
cv_4977,1,0
cv_3657,1,0
cv_5499,2,0
cv_4839,1,0
cv_803,3,0
cv_4917,1,0
cv_7435,1,0
cv_4026,1,0
cv_2444,1,0
cv_446,1,0
cv_5268,2,0
cv_2476,2,0
cv_374,1,0
cv_7237,3,0
cv_2474,1,0
cv_7447,2,0
cv_482,1,0
cv_3483,1,0
cv_2143,2,0
cv_5574,3,0
cv_4407,2,0
cv_5016,2,0
cv_5282,1,0
cv_747,1,0
cv_1997,2,0
cv_4954,2,0
cv_4214,2,0
cv_8,1,0
cv_434,2,0
cv_2136,2,0
cv_2646,2,0
cv_119,1,0
cv_6057,2,0
cv_2149,1,0
cv_4104,2,0
cv_5005,1,0
cv_6572,3,0
cv_2445,2,0
cv_319,2,0
cv_3138,1,0
cv_7230,2,0
cv_4849,2,0
cv_6178,2,0
v032,1,0
cv_730,2,0
cv_2074,2,0
cv_4936,2,0
cv_3250,3,0
cv_6544,2,0
cv_7587,1,0
cv_8057,2,0
cv_7219,2,0
cv_697,1,0
cv_5192,2,0
cv_1667,2,0
cv_869,3,0
cv_3240,1,0
cv_4930,1,0
cv_659,1,0
cv_102,1,0
cv_2472,2,0
cv_2170,2,0
cv_5480,1,0
cv_7948,3,0
cv_4071,2,0
cv_4137,1,0
cv_456,2,0
cv_7947,1,0
cv_3713,2,0
cv_4158,2,0
cv_3648,2,0
cv_7076,2,0
cv_3060,2,0
cv_315,2,0
cv_4373,1,0
cv_3069,2,0
cv_4126,2,0
cv_7713,2,0
cv_2014,2,0
cv_2012,1,0
cv_3973,1,0
cv_4003,2,0
cv_2834,1,0
cv_867,1,0
cv_694,1,0
cv_5476,1,0
cv_7908,1,0
cv_3543,2,0
cv_847,2,0
cv_7202,2,0
cv_7595,2,0
cv_4421,2,0
cv_3136,2,0
cv_5871,2,0
cv_2506,2,0
cv_4468,2,0
cv_5864,2,0
cv_2503,3,0
cv_4470,2,0
cv_2515,1,0
cv_5848,1,0
cv_5870,2,0
cv_7129,2,0
cv_532,1,0
cv_5859,2,0
cv_5844,1,0
cv_2507,1,0
cv_2504,2,0
cv_7132,3,0
cv_3137,1,0
cv_5858,1,0
cv_533,1,0
cv_1157,1,0
cv_4467,2,0
cv_743,1,0
cv_6561,2,0
cv_6198,2,0
cv_2866,1,0
cv_8083,2,0
cv_8025,2,0
cv_4965,1,0
cv_101,2,0
cv_1456,1,0
cv_5091,2,0
cv_3492,1,0
cv_7519,2,0
cv_4015,2,0
cv_466,2,0
cv_14,1,0
cv_647,2,0
cv_4953,1,0
cv_4234,2,0
cv_3967,1,0
cv_4363,1,0
cv_3388,2,0
cv_6675,1,0
cv_7428,2,0
cv_5090,2,0
cv_3470,2,0
cv_4235,2,0
cv_407,2,0
cv_7456,2,0
cv_5474,2,0
cv_330,2,0
cv_739,1,0
cv_2838,3,0
cv_5441,2,0
cv_4168,2,0
cv_2054,1,0
cv_3677,1,0
cv_3512,2,0
cv_4091,1,0
cv_1938,1,0
cv_5064,1,0
cv_7933,1,0
cv_5539,1,0
cv_1481,2,0
cv_5179,1,0
cv_7174,1,0
cv_3717,2,0
cv_7852,1,0
cv_2836,1,0
cv_418,2,0
cv_6906,2,0
cv_4462,2,0
cv_4270,2,0
cv_354,1,0
cv_5126,2,0
cv_5006,2,0
cv_4105,2,0
cv_138,3,0
cv_2452,1,0
cv_1731,1,0
cv_2446,1,0
cv_4133,1,0
cv_788,1,0
cv_6196,2,0
cv_362,1,0
cv_4830,2,0
cv_118,3,0
cv_7240,2,0
cv_7232,2,0
cv_2908,2,0
cv_2473,2,0
cv_7313,2,0
cv_5173,2,0
cv_7354,1,0
cv_1326,2,0
cv_5687,2,0
cv_7063,2,0
cv_7257,1,0
cv_6824,2,0
cv_5000,2,0
cv_92,1,0
cv_2416,2,0
cv_2682,1,0
cv_7946,2,0
cv_6715,2,0
cv_872,3,0
cv_5206,3,0
cv_2439,1,0
cv_4915,2,0
cv_664,2,0
cv_2948,1,0
cv_4920,2,0
cv_5267,2,0
cv_154,1,0
cv_7306,2,0
cv_7203,2,0
cv_2481,2,0
cv_2169,2,0
cv_5527,2,0
cv_5612,1,0
cv_4211,1,0
cv_5327,2,0
cv_4415,2,0
cv_318,2,0
cv_7321,1,0
cv_4089,2,0
cv_2116,2,0
cv_2791,2,0
cv_2798,2,0
cv_2171,2,0
cv_3282,2,0
cv_4150,1,0
cv_3120,1,0
cv_5212,1,0
cv_5156,2,0
cv_3458,2,0
cv_4459,1,0
cv_7318,1,0
cv_4023,2,0
cv_4405,1,0
cv_3517,2,0
cv_3227,2,0
cv_4892,2,0
cv_2909,1,0
cv_8095,2,0
cv_5215,2,0
cv_7209,2,0
cv_273,2,0
cv_4919,2,0
cv_2663,2,0
cv_6520,1,0
cv_7229,2,0
cv_2907,2,0
cv_3288,2,0
cv_2561,2,0
cv_7184,1,0
cv_8114,2,0
cv_644,1,0
cv_3552,2,0
cv_3798,1,0
cv_3513,1,0
cv_8115,2,0
cv_3521,1,0
cv_7750,1,0
cv_6271,2,0
cv_850,2,0
cv_5133,1,0
cv_260,2,0
cv_5749,2,0
cv_1445,2,0
cv_1513,2,0
v079,1,0
v080,1,0
cv_6342,1,0
cv_6352,2,0
cv_5492,1,0
cv_8118,2,0
cv_5210,4,0
cv_8135,2,0
cv_6346,2,0
cv_7188,1,0
cv_5145,1,0
cv_2574,1,0
cv_8164,2,0
cv_2849,1,0
cv_6328,2,0
cv_6044,2,0
cv_5231,2,0
cv_6645,2,0
cv_8010,2,0
cv_5442,2,0
cv_5405,1,0
cv_5751,1,0
cv_5219,2,0
cv_5135,2,0
cv_8084,2,0
cv_5367,1,0
cv_1820,2,0
cv_1952,2,0
cv_671,1,0
cv_3324,1,0
cv_2029,2,0
cv_5138,2,0
cv_685,2,0
cv_6656,1,0
cv_8157,2,0
cv_5240,2,0
cv_8125,2,0
cv_493,1,0
cv_1392,2,0
cv_6383,2,0
cv_6360,2,0
cv_1435,1,0
cv_2603,2,0
cv_6375,2,0
cv_6361,2,0
cv_6366,2,0
cv_5197,1,0
cv_4129,3,0
cv_7672,1,0
cv_3598,1,0
cv_5500,2,0
cv_3134,1,0
cv_679,1,0
cv_5211,3,0
cv_1803,2,0
cv_6364,2,0
cv_6373,2,0
cv_6377,2,0
cv_4758,2,0
cv_5144,1,0
cv_2547,1,0
cv_4956,1,0
cv_7462,2,0
cv_4911,2,0
cv_4252,2,0
cv_5157,2,0
cv_5011,3,0
cv_5208,1,0
cv_779,1,0
cv_7193,2,0
cv_5137,1,0
cv_5188,3,0
cv_1472,2,0
cv_637,2,0
cv_7982,2,0
cv_918,1,0
cv_2544,2,0
cv_4278,1,0
cv_5934,2,0
cv_3582,1,0
cv_5293,1,0
cv_2841,1,0
cv_5295,1,0
cv_1498,2,0
cv_6539,1,0
cv_3322,2,0
cv_6471,2,0
cv_8152,2,0
cv_7154,2,0
cv_4912,1,0
cv_6473,2,0
cv_5436,1,0
cv_6524,1,0
cv_6554,2,0
cv_7140,2,0
cv_6646,2,0
cv_7583,2,0
cv_923,2,0
cv_4666,1,0
cv_1515,3,0
v081,1,0
cv_1710,2,0
cv_1835,2,0
cv_1527,2,0
cv_6463,2,0
cv_257,1,0
cv_4458,2,0
cv_8139,2,0
cv_5378,3,0
cv_1809,2,0
cv_7548,2,0
cv_6657,1,0
cv_7487,1,0
cv_6297,2,0
cv_7252,2,0
cv_6144,2,0
cv_7006,2,0
cv_6041,1,0
cv_1806,2,0
cv_1023,2,0
cv_4035,2,0
cv_7137,2,0
cv_5472,2,0
cv_1736,2,0
cv_1644,1,0
cv_7523,1,0
cv_4099,2,0
cv_7920,1,0
cv_894,1,0
cv_3217,2,0
cv_7075,2,0
cv_2550,2,0
cv_7360,2,0
cv_6309,2,0
cv_2928,1,0
cv_1845,2,0
cv_591,2,0
cv_6636,2,0
cv_5459,2,0
cv_1846,3,0
cv_7157,2,0
cv_7148,2,0
cv_2949,2,0
cv_6625,2,0
cv_136,2,0
cv_7136,2,0
cv_4036,2,0
cv_1786,2,0
cv_1826,2,0
cv_6545,1,0
cv_6448,2,0
cv_7142,2,0
cv_7035,3,0
cv_1723,2,0
cv_5952,1,0
cv_4796,2,0
cv_7040,2,0
cv_2088,1,0
cv_1388,1,0
cv_4041,1,0
cv_3544,1,0
cv_7670,1,0
cv_6286,2,0
cv_750,2,0
cv_7414,2,0
cv_442,2,0
cv_3594,1,0
cv_5645,2,0
cv_3325,2,0
cv_7293,1,0
cv_759,2,0
cv_3702,1,0
cv_6002,2,0
cv_4943,1,0
cv_3374,2,0
cv_7522,2,0
cv_7609,2,0
cv_1490,2,0
cv_6620,2,0
cv_6323,2,0
cv_3371,1,0
cv_8078,4,0
cv_4303,1,0
cv_6048,1,0
cv_2492,1,0
cv_7565,2,0
cv_6078,2,0
cv_706,1,0
cv_6235,2,0
cv_2551,2,0
cv_1805,2,0
cv_6281,2,0
cv_4038,2,0
cv_6423,2,0
cv_5120,1,0
cv_1836,2,0
cv_672,2,0
cv_3356,1,0
cv_5291,1,0
cv_5605,2,0
cv_7147,1,0
cv_4871,1,0
cv_5401,2,0
cv_7016,1,0
cv_6045,2,0
cv_4575,2,0
cv_7469,3,0
cv_5908,1,0
cv_7153,1,0
cv_6717,1,0
cv_1795,2,0
cv_555,1,0
cv_1519,1,0
cv_5130,2,0
cv_2995,2,0
cv_4632,1,0
cv_2110,2,0
cv_4704,1,0
cv_6026,1,0
cv_4032,1,0
cv_6522,1,0
cv_7555,1,0
cv_4875,1,0
cv_5958,2,0
cv_3551,2,0
cv_7626,2,0
cv_4464,2,0
cv_2952,2,0
cv_4097,1,0
cv_4185,2,0
cv_1745,2,0
cv_5186,1,0
cv_7995,2,0
cv_7146,2,0
cv_3342,1,0
cv_5947,1,0
cv_5935,2,0
cv_3343,3,0
cv_7507,2,0
cv_3212,2,0
cv_1790,1,0
cv_1721,2,0
cv_6333,2,0
cv_6431,2,0
cv_7062,2,0
cv_4554,2,0
cv_6446,1,0
cv_1817,2,0
cv_6963,1,0
cv_4569,2,0
cv_6537,1,0
cv_6462,2,0
cv_6137,2,0
cv_6012,1,0
cv_1799,1,0
cv_1830,2,0
cv_2792,2,0
cv_1844,2,0
cv_7562,2,0
cv_6319,2,0
cv_3291,1,0
cv_2529,2,0
cv_608,1,0
cv_6279,1,0
cv_6429,2,0
cv_1530,2,0
cv_5903,2,0
cv_2583,2,0
cv_6787,1,0
cv_5301,1,0
cv_3238,2,0
cv_5917,2,0
cv_3930,1,0
cv_7480,1,0
cv_5410,1,0
cv_6300,2,0
cv_7556,2,0
cv_8008,1,0
cv_4657,2,0
cv_6250,2,0
cv_6285,1,0
cv_4640,2,0
cv_6272,1,0
cv_4623,1,0
cv_3310,2,0
cv_6302,1,0
cv_1729,2,0
cv_5131,2,0
cv_5362,1,0
cv_4878,1,0
cv_3730,2,0
cv_8009,1,0
cv_7673,1,0
cv_5957,2,0
cv_3262,2,0
cv_5470,1,0
cv_7022,1,0
cv_7533,2,0
cv_5933,2,0
cv_2795,2,0
cv_406,2,0
cv_6091,2,0
cv_4638,2,0
cv_1517,1,0
cv_7620,1,0
cv_6023,1,0
cv_6902,2,0
cv_156,2,0
cv_2530,2,0
cv_550,1,0
cv_6623,2,0
cv_4125,2,0
cv_5936,2,0
cv_7470,2,0
cv_1632,2,0
cv_6310,2,0
cv_4115,1,0
cv_3375,2,0
cv_7919,1,0
cv_7644,2,0
cv_4203,1,0
cv_1838,2,0
cv_6252,2,0
cv_7570,2,0
cv_8143,3,0
cv_3197,1,0
cv_6069,1,0
cv_6264,2,0
cv_4388,2,0
cv_6197,2,0
cv_4480,1,0
cv_1053,3,0
cv_1823,1,0
cv_3222,2,0
cv_6538,2,0
cv_5995,2,0
cv_4694,2,0
cv_4167,1,0
cv_7696,1,0
cv_4264,2,0
cv_615,3,0
cv_3177,2,0
cv_2972,3,0
cv_7144,1,0
cv_4600,2,0
cv_755,1,0
cv_4322,2,0
cv_6307,2,0
cv_6637,2,0
cv_2579,1,0
cv_6251,2,0
cv_599,2,0
cv_4066,2,0
cv_3183,2,0
cv_4586,2,0
cv_4827,2,0
cv_6266,1,0
cv_5963,2,0
cv_7465,2,0
cv_6791,2,0
cv_3263,1,0
cv_1487,2,0
cv_4606,1,0
cv_5776,2,0
cv_5308,1,0
cv_2571,2,0
cv_5740,2,0
cv_7526,2,0
cv_3442,2,0
cv_6740,1,0
cv_7973,2,0
cv_7656,2,0
cv_3054,1,0
cv_2992,2,0
cv_4896,2,0
cv_5129,1,0
cv_3293,1,0
cv_5003,1,0
cv_5986,2,0
cv_5980,2,0
cv_1810,2,0
cv_3180,1,0
cv_5094,2,0
cv_6626,1,0
cv_3363,1,0
cv_3981,1,0
cv_6788,1,0
cv_5127,2,0
cv_3168,1,0
cv_8088,2,0
cv_1653,2,0
cv_7671,1,0
cv_5132,2,0
cv_5682,1,0
cv_7446,2,0
cv_6053,1,0
cv_3170,2,0
cv_2651,2,0
cv_2532,2,0
cv_3253,2,0
cv_4622,3,0
cv_7472,2,0
cv_3171,2,0
cv_6635,2,0
cv_3226,2,0
cv_5518,1,0
cv_7984,2,0
cv_5608,1,0
cv_3158,1,0
cv_2499,2,0
cv_6294,2,0
cv_609,1,0
cv_2605,1,0
cv_3209,1,0
cv_139,2,0
cv_7566,2,0
cv_4605,1,0
cv_4681,2,0
cv_5912,3,0
cv_5921,1,0
cv_4643,2,0
cv_5501,2,0
cv_5310,2,0
cv_1016,1,0
cv_7930,1,0
cv_63,1,0
cv_1808,2,0
cv_4654,2,0
cv_6783,2,0
cv_6029,2,0
cv_4014,1,0
cv_7183,1,0
cv_5950,2,0
cv_5982,1,0
cv_6442,2,0
cv_1819,2,0
cv_5232,2,0
cv_4347,1,0
cv_6630,1,0
cv_6031,2,0
cv_3153,2,0
cv_7528,1,0
cv_4216,1,0
cv_6650,1,0
cv_4924,2,0
cv_6780,2,0
cv_1811,2,0
cv_1492,2,0
cv_7561,1,0
cv_7425,2,0
cv_4817,1,0
cv_6534,2,0
cv_7464,1,0
cv_7568,1,0
v082,1,0
cv_6295,2,0
cv_8032,1,0
cv_4305,2,0
cv_4541,1,0
cv_3108,2,0
cv_5628,1,0
cv_5314,2,0
cv_7027,2,0
cv_6337,1,0
cv_3533,2,0
cv_3308,2,0
cv_5463,2,0
cv_4095,1,0
cv_1340,1,0
cv_6280,2,0
cv_6143,2,0
cv_1004,1,0
cv_1732,2,0
cv_7755,2,0
cv_4613,1,0
cv_3615,1,0
cv_1834,2,0
cv_6296,2,0
cv_7412,2,0
cv_2534,1,0
cv_3294,2,0
cv_1560,2,0
cv_753,2,0
cv_5408,2,0
cv_5389,1,0
cv_611,2,0
cv_5387,2,0
cv_7291,3,0
cv_7591,2,0
cv_7111,2,0
cv_5955,2,0
cv_1462,2,0
cv_5397,2,0
cv_6052,2,0
cv_6974,1,0
cv_2523,2,0
cv_4899,1,0
cv_5915,2,0
cv_6060,1,0
cv_6687,1,0
cv_2622,2,0
cv_5916,2,0
cv_6713,2,0
cv_4645,1,0
cv_5449,1,0
cv_667,2,0
cv_4682,2,0
cv_1025,2,0
cv_7455,1,0
cv_6138,2,0
cv_2531,2,0
cv_6563,2,0
cv_5721,1,0
cv_4659,2,0
cv_4677,2,0
cv_3155,2,0
cv_645,2,0
cv_1825,2,0
cv_3221,2,0
cv_3160,1,0
cv_4564,2,0
cv_1800,1,0
cv_4642,2,0
cv_3304,2,0
cv_2846,1,0
cv_1049,2,0
cv_1905,3,0
cv_484,1,0
cv_1024,1,0
cv_7603,2,0
cv_6341,2,0
cv_7422,2,0
cv_6306,2,0
cv_6741,2,0
cv_4169,2,0
cv_4939,1,0
cv_7911,1,0
cv_2121,2,0
cv_6642,2,0
cv_1477,1,0
cv_1474,2,0
cv_5061,3,0
cv_7046,1,0
cv_2612,1,0
cv_6248,2,0
cv_399,1,0
cv_2554,2,0
cv_5761,2,0
cv_2434,2,0
cv_7730,2,0
cv_2449,2,0
cv_3161,1,0
cv_5976,3,0
cv_3178,1,0
cv_1028,2,0
cv_2109,3,0
cv_5974,2,0
cv_1289,2,0
cv_4616,1,0
cv_4533,2,0
cv_1522,1,0
cv_6316,1,0
cv_6017,2,0
cv_5379,2,0
cv_60,1,0
cv_3982,2,0
cv_6176,2,0
cv_6533,1,0
cv_2585,2,0
cv_4297,2,0
cv_2533,2,0
cv_1993,1,0
cv_5361,2,0
cv_7600,1,0
cv_5907,2,0
cv_6100,2,0
cv_8050,2,0
cv_7471,2,0
cv_2983,2,0
cv_660,1,0
cv_5287,2,0
cv_7651,1,0
cv_1111,2,0
cv_4121,1,0
cv_5257,1,0
cv_3231,1,0
cv_8147,1,0
cv_586,2,0
cv_1625,2,0
cv_7889,1,0
cv_8054,2,0
cv_4298,2,0
cv_4604,1,0
cv_6742,2,0
cv_7724,1,0
cv_6005,2,0
cv_3159,2,0
cv_4660,2,0
cv_3157,2,0
cv_6313,1,0
cv_5997,1,0
cv_2625,1,0
cv_901,2,0
cv_4676,2,0
cv_7315,2,0
cv_5558,2,0
cv_527,1,0
cv_8108,2,0
cv_5591,2,0
cv_5371,3,0
cv_7625,2,0
cv_5140,1,0
cv_3163,2,0
cv_1885,2,0
cv_8053,2,0
cv_2079,2,0
cv_866,1,0
cv_643,1,0
cv_2501,1,0
cv_4614,3,0
cv_7055,1,0
cv_6410,1,0
cv_6465,2,0
cv_1907,1,0
cv_6258,7,0
cv_7631,2,0
cv_7019,1,0
cv_6330,2,0
cv_3233,2,0
cv_7122,2,0
cv_297,2,0
cv_4650,1,0
cv_2111,2,0
cv_1545,2,0
cv_5683,3,0
cv_467,1,0
cv_2175,1,0
cv_7893,2,0
cv_5177,1,0
cv_3189,1,0
cv_6311,2,0
cv_3059,1,0
cv_1989,2,0
cv_6260,1,0
cv_6550,2,0
cv_7640,2,0
cv_4340,2,0
cv_7628,1,0
cv_8007,2,0
cv_7742,1,0
cv_6459,2,0
cv_2089,3,0
cv_3683,2,0
cv_2816,2,0
cv_8093,2,0
cv_2099,1,0
cv_5095,2,0
cv_1571,2,0
cv_8105,2,0
cv_8101,2,0
cv_6427,2,0
cv_6983,2,0
cv_6633,4,0
cv_8085,2,0
cv_760,2,0
cv_2443,2,0
cv_3186,1,0
cv_1574,3,0
cv_2528,2,0
cv_6419,2,0
cv_8097,2,0
cv_1924,3,0
cv_8106,2,0
cv_1879,2,0
cv_1596,2,0
cv_4617,3,0
cv_1886,1,0
cv_309,2,0
cv_5187,1,0
cv_1877,2,0
cv_4145,3,0
cv_4004,2,0
cv_5242,2,0
cv_7751,1,0
cv_7525,3,0
cv_7427,2,0
cv_7080,2,0
cv_7894,2,0
cv_8063,2,0
cv_6043,2,0
cv_393,1,0
cv_2135,2,0
cv_4346,2,0
cv_895,1,0
cv_5245,2,0
cv_7442,2,0
cv_771,2,0
cv_1794,1,0
cv_852,1,0
cv_491,1,0
cv_860,1,0
cv_2520,2,0
cv_881,1,0
cv_3550,1,0
cv_773,1,0
cv_821,2,0
cv_1597,2,0
cv_371,1,0
cv_494,2,0
cv_890,2,0
cv_3562,2,0
cv_797,2,0
cv_1554,6,0
cv_2809,2,0
cv_1946,2,0
cv_8037,2,0
cv_3624,1,0
cv_4165,2,0
cv_7864,1,0
cv_1382,1,0
cv_3976,1,0
cv_859,1,0
cv_3202,1,0
cv_828,3,0
cv_1957,2,0
cv_2062,1,0
cv_2151,1,0
cv_917,1,0
cv_865,1,0
cv_2112,2,0
cv_7892,1,0
cv_1494,2,0
cv_1175,2,0
cv_2962,1,0
cv_2080,2,0
cv_636,1,0
cv_3568,2,0
cv_2818,1,0
cv_617,1,0
cv_610,1,0
cv_620,1,0
cv_3572,1,0
cv_4243,1,0
cv_1378,2,0
cv_2620,1,0
cv_882,3,0
cv_327,1,0
cv_3573,1,0
cv_3999,2,0
cv_3201,2,0
cv_1177,1,0
cv_3577,2,0
cv_2030,2,0
cv_3274,2,0
cv_2597,1,0
cv_3547,1,0
cv_1010,2,0
cv_898,2,0
cv_195,2,0
cv_4206,2,0
cv_709,1,0
cv_873,2,0
cv_1461,2,0
cv_1380,3,0
cv_2013,1,0
cv_723,2,0
cv_749,1,0
cv_5994,1,0
cv_7098,2,0
cv_7039,2,0
cv_5954,1,0
cv_1026,2,0
cv_4662,1,0
cv_6987,2,0
cv_4515,1,0
cv_5413,2,0
cv_1888,2,0
cv_5224,4,0
cv_4931,1,0
cv_8184,4,0
cv_6693,3,0
cv_5230,3,0
cv_8169,3,0
cv_5203,1,0
cv_4337,1,0
cv_7642,1,0
cv_4671,1,0
cv_5270,1,0
cv_1874,3,0
cv_5222,3,0
cv_89,1,0
cv_5369,3,0
cv_7467,3,0
cv_6050,3,0
cv_5457,1,0
v083,1,0
cv_6716,3,0
cv_307,2,0
cv_214,1,0
cv_604,1,0
cv_600,2,0
cv_762,2,0
cv_798,3,0
cv_725,2,0
cv_7884,1,0
cv_7888,1,0
cv_7890,1,0
cv_383,2,0
cv_7856,2,0
cv_7858,2,0
cv_408,1,0
cv_483,1,0
cv_490,2,0
cv_8187,2,0
cv_8188,2,0
cv_4906,1,0
cv_5394,2,0
cv_5250,1,0
cv_4510,1,0
cv_4929,1,0
cv_6240,1,0
cv_4895,1,0
cv_4695,1,0
cv_4696,1,0
cv_4909,1,0
cv_4901,1,0
cv_4702,1,0
cv_4699,2,0
cv_6734,1,0
cv_6684,2,0
cv_4836,2,0
cv_4937,2,0
cv_5545,1,0
cv_6059,1,0
cv_6140,2,0
cv_6246,2,0
cv_4635,2,0
cv_4631,2,0
cv_4634,1,0
cv_5013,1,0
cv_5686,2,0
cv_5970,2,0
cv_5425,2,0
cv_4986,1,0
cv_4130,2,0
cv_4655,2,0
cv_5975,1,0
cv_5260,1,0
cv_5266,2,0
cv_5981,2,0
cv_5146,1,0
cv_5447,1,0
cv_5694,1,0
cv_5909,2,0
cv_6058,1,0
cv_4508,2,0
cv_5176,1,0
cv_4637,2,0
cv_5149,1,0
cv_4639,1,0
cv_3135,1,0
cv_5569,1,0
cv_1929,3,0
cv_5158,1,0
cv_5522,2,0
cv_4652,2,0
cv_4653,2,0
cv_5229,2,0
cv_6339,2,0
cv_5107,2,0
cv_4469,2,0
cv_6036,2,0
cv_6340,2,0
cv_6089,2,0
cv_5465,2,0
cv_4674,1,0
cv_6080,2,0
cv_5600,3,0
cv_7913,1,0
cv_4611,2,0
cv_6721,1,0
cv_6727,2,0
cv_6728,2,0
cv_5074,3,0
cv_6411,2,0
cv_6531,1,0
cv_3951,1,0
cv_5325,2,0
cv_4672,1,0
cv_5467,2,0
cv_4742,1,0
cv_6013,2,0
cv_6275,1,0
cv_6732,2,0
cv_4601,1,0
cv_4848,1,0
cv_6179,2,0
cv_7909,2,0
cv_5550,2,0
cv_7879,3,0
cv_7880,2,0
cv_7112,2,0
cv_6744,1,0
cv_6758,1,0
cv_4517,1,0
cv_5860,2,0
cv_6743,1,0
cv_5919,1,0
cv_4598,1,0
cv_2521,2,0
cv_3162,2,0
cv_3167,2,0
cv_5943,2,0
cv_3154,3,0
cv_3164,2,0
cv_3166,2,0
cv_4592,2,0
cv_5925,2,0
cv_5931,2,0
cv_4646,3,0
cv_5998,2,0
cv_5965,1,0
cv_5964,1,0
cv_4630,1,0
cv_5977,2,0
cv_3172,2,0
cv_4668,2,0
cv_3169,1,0
cv_3179,1,0
cv_5966,2,0
cv_5991,3,0
cv_6006,2,0
cv_3193,2,0
cv_7725,2,0
cv_6066,2,0
cv_6055,1,0
cv_6068,1,0
cv_7155,2,0
cv_4688,2,0
cv_6104,2,0
cv_3210,2,0
cv_7149,2,0
cv_7156,2,0
cv_6092,1,0
cv_7150,1,0
cv_6103,2,0
cv_3220,2,0
cv_6141,2,0
cv_6146,2,0
cv_7459,1,0
cv_4904,1,0
cv_4907,1,0
cv_7441,2,0
cv_7444,2,0
cv_7613,2,0
cv_5461,2,0
cv_3340,2,0
cv_6837,3,0
cv_3327,1,0
cv_8176,3,0
cv_8174,1,0
cv_8166,3,0
cv_8179,2,0
cv_8167,2,0
cv_5205,1,0
cv_5244,2,0
cv_5309,1,0
cv_6638,2,0
cv_7754,1,0
cv_5254,1,0
cv_1160,2,0
cv_2951,1,0
cv_1012,1,0
cv_3349,1,0
cv_3364,1,0
cv_3362,1,0
cv_3365,2,0
cv_6149,2,0
cv_4034,1,0
cv_4318,2,0
cv_4289,2,0
cv_3501,1,0
cv_4285,1,0
cv_4603,1,0
cv_3523,2,0
cv_4570,2,0
cv_3569,1,0
cv_4641,2,0
cv_4463,1,0
cv_4471,2,0
cv_7643,1,0
cv_7647,2,0
cv_7668,2,0
cv_7646,2,0
cv_4461,2,0
cv_7652,2,0
cv_7654,2,0
cv_7214,3,0
cv_7189,1,0
cv_7179,1,0
cv_4923,2,0
cv_4905,1,0
cv_7185,1,0
cv_7211,1,0
cv_3693,1,0
cv_7175,1,0
cv_7217,2,0
cv_7173,1,0
cv_7194,2,0
cv_7210,1,0
cv_4926,1,0
cv_4933,1,0
cv_4934,1,0
cv_6826,2,0
cv_5383,1,0
cv_6786,2,0
cv_6815,2,0
cv_6821,2,0
cv_6825,1,0
cv_5382,2,0
cv_5452,3,0
cv_5554,2,0
cv_2414,3,0
cv_5557,2,0
cv_7424,2,0
cv_5563,2,0
cv_5573,2,0
cv_5592,2,0
cv_7304,2,0
cv_7637,3,0
cv_7322,2,0
cv_5585,2,0
cv_5631,1,0
cv_6953,2,0
cv_6956,2,0
cv_6962,1,0
cv_6958,2,0
cv_6964,2,0
cv_6957,2,0
cv_6959,1,0
cv_6961,2,0
cv_5637,1,0
cv_6947,2,0
cv_6960,1,0
cv_6996,3,0
cv_7014,2,0
cv_6976,1,0
cv_5662,2,0
cv_4224,2,0
cv_7013,1,0
cv_7018,1,0
cv_6972,1,0
cv_7017,2,0
cv_6971,1,0
cv_6973,1,0
cv_6977,1,0
cv_6979,1,0
cv_6992,1,0
cv_7008,1,0
cv_6969,2,0
cv_6988,2,0
cv_7015,2,0
cv_6966,2,0
cv_6990,2,0
cv_4323,2,0
cv_3071,2,0
cv_4329,2,0
cv_7571,1,0
cv_7602,2,0
cv_7023,1,0
cv_7025,1,0
cv_7029,1,0
cv_7036,1,0
cv_7024,1,0
cv_8137,1,0
cv_8116,1,0
cv_8100,2,0
cv_8102,2,0
cv_7721,1,0
cv_7627,2,0
cv_7616,2,0
cv_7633,2,0
cv_7473,1,0
cv_7463,2,0
cv_7478,1,0
cv_7481,2,0
cv_6652,1,0
cv_1355,2,0
cv_1371,2,0
cv_7482,2,0
cv_7485,2,0
cv_7491,2,0
cv_1441,2,0
cv_1402,1,0
cv_1405,2,0
cv_1452,2,0
cv_7484,2,0
cv_1506,1,0
cv_1521,2,0
cv_6655,2,0
cv_1501,2,0
cv_7223,3,0
cv_1546,3,0
cv_7221,3,0
cv_3254,1,0
cv_6292,2,0
cv_6283,3,0
cv_6289,2,0
cv_6270,1,0
cv_3272,1,0
cv_5207,1,0
cv_5128,2,0
cv_5117,2,0
cv_6627,1,0
cv_5118,2,0
cv_5119,2,0
cv_5123,2,0
cv_5292,1,0
cv_5316,1,0
cv_7747,2,0
cv_5319,2,0
cv_3296,1,0
cv_3298,1,0
cv_3303,2,0
cv_3292,2,0
cv_7328,2,0
cv_3290,2,0
cv_6647,1,0
cv_6648,1,0
cv_8056,2,0
cv_8087,2,0
cv_8091,2,0
cv_7104,1,0
cv_7108,1,0
cv_7513,2,0
cv_1730,2,0
cv_7506,2,0
cv_7517,2,0
cv_1832,2,0
cv_7551,2,0
cv_7362,1,0
cv_1875,3,0
cv_1901,2,0
cv_1910,1,0
cv_6696,2,0
cv_1930,1,0
cv_1873,3,0
cv_6692,1,0
cv_1880,3,0
cv_7395,1,0
cv_7400,2,0
cv_7388,2,0
cv_7402,2,0
cv_1954,2,0
cv_1956,2,0
cv_7390,2,0
cv_7399,2,0
cv_1999,2,0
cv_2044,2,0
cv_6725,2,0
cv_6729,2,0
cv_6737,2,0
cv_6730,2,0
cv_6703,2,0
cv_6731,2,0
cv_7410,1,0
cv_7288,2,0
cv_7300,2,0
v084,1,0
cv_2468876363,1,0
cv_2310791487,1,0
cv_2083258247,2,0
cv_160865926,1,0
cv_1936862770,1,0
cv_1089116219,1,0
cv_1891179087,1,0
cv_425866966,4,0
cv_2032788110,1,0
cv_2240866664,2,0
cv_320329133,1,0
cv_44757660,1,0
cv_176563670,1,0
cv_1835434241,1,0
cv_169605914,1,0
cv_101020102,1,0
cv_720989771,2,0
cv_479059091,1,0
cv_1992427060,1,0
cv_999396694,1,0
cv_247474490,1,0
cv_2186663242,1,0
cv_1597591197,1,0
cv_1912408168,1,0
cv_525762310,1,0
cv_468963293,2,0
cv_843204604,1,0
cv_1743726641,1,0
cv_2679223040,1,0
cv_934881325,1,0
cv_420605092,1,0
cv_1198533208,1,0
cv_429395349,1,0
cv_10821892,1,0
cv_893493960,1,0
cv_3182543798,1,0
cv_2192183929,1,0
cv_12212188,1,0
cv_1764306968,1,0
cv_166555923,1,0
cv_1853290608,1,0
cv_1763967591,1,0
cv_4070005675,1,0
cv_200131738,1,0
cv_2627933980,1,0
cv_4128476706,1,0
cv_2445178000,1,0
cv_2908807191,1,0
cv_1788093102,1,0
cv_2466789949,1,0
cv_2467025607,2,0
cv_181807152,1,0
cv_431635847,1,0
cv_2716444344,1,0
cv_525513999,1,0
cv_1687612073,1,0
cv_689171680,1,0
cv_756833484,1,0
cv_717333082,1,0
cv_63268393,2,0
cv_1069027817,1,0
cv_2089061978,1,0
cv_2232819793,1,0
cv_14904116,1,0
cv_197717910,1,0
cv_4275454188,1,0
cv_2978017288,2,0
cv_1433117234,1,0
cv_2112042961,1,0
cv_950844417,1,0
cv_3434395500,1,0
cv_2201375770,1,0
cv_1131671885,1,0
cv_796916839,1,0
cv_2664372360,1,0
cv_2563731572,1,0
cv_707517393,1,0
cv_1583472250,1,0
cv_253308085,1,0
cv_677847301,1,0
cv_258151136,1,0
cv_665317210,1,0
cv_508640519,2,0
cv_1566456979,1,0
cv_2292610116,1,0
cv_2169423671,1,0
cv_325364107,1,0
cv_680861282,1,0
cv_1752954726,1,0
cv_2033612687,1,0
cv_629216708,2,0
cv_1471096246,1,0
cv_201646936,1,0
cv_2158622570,1,0
cv_2735467507,1,0
cv_182785200,2,0
cv_1982276828,1,0
cv_733975265,1,0
cv_1108042503,1,0
cv_1313325548,1,0
cv_1317861395,1,0
cv_778255486,1,0
cv_2537230950,1,0
cv_2087467408,1,0
cv_1188282163,2,0
cv_1982164376,1,0
cv_492208929,1,0
cv_290449863,1,0
cv_658586298,1,0
cv_821068906,1,0
cv_251887355,1,0
cv_4155816515,1,0
cv_1825801235,1,0
cv_56861434,1,0
cv_2932020626,1,0
cv_198141462,1,0
cv_1273464787,1,0
cv_672290238,1,0
cv_2662379724,1,0
cv_794264303,1,0
cv_1386669953,1,0
cv_2448556684,1,0
cv_1697497197,1,0
cv_780006695,1,0
cv_2688405926,1,0
cv_358504227,2,0
cv_1362369820,1,0
cv_950930313,1,0
cv_826605163,1,0
cv_2611177920,1,0
cv_2556306380,1,0
cv_2931001691,1,0
cv_549519238,1,0
cv_2798374987,1,0
cv_731768719,1,0
cv_2783962066,1,0
cv_964181303,1,0
cv_1852819206,1,0
cv_1089153100,1,0
cv_382230881,1,0
cv_520670657,1,0
cv_2668548053,1,0
cv_388732515,1,0
cv_2464988393,1,0
cv_1463675157,1,0
cv_818040609,1,0
cv_750761060,1,0
cv_290289095,1,0
cv_325910320,1,0
cv_447148679,1,0
cv_2400836453,1,0
cv_1816084358,1,0
cv_2278391282,1,0
cv_2333999126,1,0
cv_2754715210,1,0
cv_54321193,1,0
cv_733259877,1,0
cv_2233451840,1,0
cv_290241861,1,0
cv_810167880,1,0
cv_734417259,1,0
cv_2406875135,1,0
cv_1146643297,1,0
cv_136367423,1,0
cv_37116467,1,0
cv_2341564389,1,0
cv_572114913,1,0
cv_121572482,1,0
cv_2569970702,1,0
cv_963158555,1,0
cv_1968788012,1,0
cv_499859573,1,0
cv_92523694,1,0
cv_2744823531,1,0
cv_3086167997,1,0
cv_1257918893,1,0
cv_2487573802,1,0
cv_1285611246,2,0
cv_378968429,4,0
cv_681305259,1,0
cv_2379979320,1,0
cv_2661918306,1,0
cv_791734317,1,0
cv_2143622593,1,0
cv_2269019463,1,0
cv_1031708033,1,0
cv_266414659,1,0
cv_971333261,1,0
cv_2406172878,1,0
cv_1197133951,1,0
cv_2832600900,1,0
cv_966253672,1,0
cv_2760527834,1,0
cv_718732206,1,0
cv_190749909,2,0
cv_1214481608,1,0
cv_3145822244,1,0
cv_200826583,1,0
cv_2506084296,1,0
cv_385139023,1,0
cv_2350904017,1,0
cv_2207285282,1,0
cv_237500379,1,0
cv_902727150,1,0
cv_258988195,2,0
cv_2146001521,1,0
cv_1178698361,1,0
cv_1309572925,1,0
cv_423979619,1,0
cv_940815057,1,0
cv_756888408,1,0
cv_1322079785,1,0
cv_2506788322,1,0
cv_736717195,1,0
cv_268814622,1,0
cv_207324716,1,0
cv_1347289997,1,0
cv_2685685033,1,0
cv_2816029464,1,0
cv_147328166,2,0
cv_2234906473,1,0
cv_2899265383,1,0
cv_223576270,1,0
cv_2842853508,1,0
cv_1238929041,1,0
cv_1430483019,1,0
cv_1305109895,1,0
cv_2445442733,1,0
cv_881129626,1,0
cv_2016475578,1,0
cv_649184640,1,0
cv_1938768585,1,0
cv_2258467767,1,0
cv_121202993,1,0
cv_2386999485,1,0
cv_6153719,1,0
cv_2041673381,1,0
cv_226103358,1,0
cv_2083155996,1,0
cv_70587175,1,0
cv_1399707360,1,0
cv_512041794,1,0
cv_2121762933,1,0
cv_1742608395,1,0
cv_579497685,1,0
cv_1944429839,4,0
cv_1543475296,1,0
cv_2265392506,1,0
cv_2665912237,1,0
cv_1302966963,1,0
cv_276805831,1,0
cv_359082948,1,0
cv_2587340545,1,0
cv_2671469819,1,0
cv_108818302,2,0
cv_420296012,1,0
cv_2082353803,1,0
cv_889337036,1,0
cv_252822902,1,0
cv_281150623,1,0
cv_2835960167,1,0
cv_1259094767,1,0
cv_2508446815,1,0
cv_1363022480,1,0
cv_1082932663,1,0
cv_1262922818,1,0
cv_283193557,1,0
cv_634396797,1,0
cv_2315888053,1,0
cv_2177457038,1,0
cv_1604061063,1,0
cv_257075393,1,0
cv_1482769533,1,0
cv_2628736961,1,0
cv_1843278789,1,0
cv_741651082,1,0
cv_2801001260,1,0
cv_2012785330,1,0
cv_1061077356,1,0
cv_213541328,1,0
cv_956716513,1,0
cv_696459896,1,0
cv_887260981,1,0
cv_788390340,1,0
cv_2467081877,3,0
cv_507895166,1,0
cv_139679321,1,0
cv_3369029013,1,0
cv_767605899,1,0
cv_1741703813,1,0
cv_2002048144,1,0
cv_2363074942,1,0
cv_1652452833,1,0
cv_2944379780,1,0
cv_449897362,1,0
cv_185279938,1,0
cv_2910835095,1,0
cv_483812307,1,0
cv_1530800390,1,0
cv_2390663618,1,0
cv_2730520104,1,0
cv_1719294430,1,0
cv_1530132027,1,0
cv_35176746,2,0
cv_2639916110,1,0
cv_59899493,1,0
cv_433677666,1,0
cv_97876020,1,0
cv_2780926771,1,0
cv_2193917984,1,0
cv_1907087043,1,0
cv_2154212052,1,0
cv_244869097,1,0
cv_1203186288,1,0
cv_1278165573,1,0
cv_308017079,1,0
cv_234812089,1,0
cv_1092294373,1,0
cv_863934908,1,0
cv_2854692287,1,0
cv_2716602147,1,0
cv_633692669,1,0
cv_335470578,1,0
cv_2658249150,1,0
cv_735346875,1,0
cv_1326666954,1,0
cv_1394915789,1,0
cv_2544761219,1,0
cv_277592088,1,0
cv_1217650923,1,0
cv_716925286,1,0
cv_617047857,1,0
cv_114768080,1,0
cv_492063214,1,0
cv_586014574,1,0
cv_1986258352,1,0
cv_971430234,1,0
cv_395855752,2,0
cv_2724071075,1,0
cv_365530439,1,0
cv_892352331,1,0
cv_465991480,1,0
cv_2494179135,1,0
cv_2601353087,1,0
cv_2024714975,1,0
cv_2789586370,1,0
cv_2863967626,1,0
cv_771541425,1,0
cv_1096551831,1,0
cv_2608367142,1,0
cv_2555890409,1,0
cv_2354103431,1,0
cv_2898103756,1,0
cv_398803502,1,0
cv_630235716,1,0
cv_1233182683,1,0
cv_1933569544,1,0
cv_821413631,1,0
cv_2880265582,1,0
cv_605560444,1,0
cv_2801880550,1,0
cv_1286815997,1,0
cv_328379805,1,0
cv_2399619868,1,0
cv_2350353535,1,0
cv_274142049,1,0
cv_1849005806,1,0
cv_1477900522,1,0
cv_2610164071,1,0
cv_106348054,1,0
cv_596865135,1,0
cv_2559591865,1,0
cv_2450964201,1,0
cv_1221131813,1,0
cv_1128625282,1,0
cv_467777146,1,0
cv_988501609,1,0
cv_1990363748,1,0
cv_1097958643,1,0
cv_1682318432,1,0
cv_54780769,1,0
cv_2639475346,1,0
cv_204854896,1,0
cv_1621331640,1,0
cv_171160564,1,0
cv_260510590,1,0
cv_1288037037,1,0
cv_533631698,1,0
cv_2988649386,1,0
cv_993522184,1,0
cv_1542749011,1,0
cv_1388943511,1,0
cv_1704541147,1,0
cv_387734186,1,0
cv_169986403,1,0
cv_557202682,1,0
cv_2303059413,1,0
cv_3670528034,1,0
cv_320982936,1,0
cv_819766841,1,0
cv_601020722,1,0
cv_1849733975,1,0
cv_481030821,1,0
cv_2971853873,1,0
cv_1722968681,1,0
cv_2615057651,1,0
cv_158633639,1,0
cv_342288837,2,0
cv_677128212,1,0
cv_647491146,1,0
cv_123324342,1,0
cv_2333011674,1,0
cv_906843558,1,0
cv_1282554498,1,0
cv_933895684,1,0
cv_972537067,1,0
cv_2208523679,1,0
cv_1474785513,1,0
cv_2398384016,1,0
cv_2778758861,1,0
cv_1048636875,1,0
cv_1126766779,1,0
cv_597254180,1,0
cv_345287185,1,0
cv_2749614393,1,0
cv_950144350,1,0
cv_97846275,1,0
cv_516959631,1,0
cv_1834959334,1,0
cv_611613651,1,0
cv_1332966360,1,0
cv_2725289305,1,0
cv_1232597641,1,0
cv_2970635851,1,0
cv_862905877,1,0
cv_1745346000,1,0
cv_557588582,1,0
cv_2319364570,1,0
cv_977189096,1,0
cv_2873377747,1,0
cv_711229361,1,0
cv_690712924,1,0
cv_955691163,1,0
cv_1972689222,2,0
cv_2441933511,1,0
cv_3375177126,1,0
cv_902090774,1,0
cv_2900568395,1,0
cv_329172121,1,0
cv_1965488798,1,0
cv_639527674,1,0
cv_1676825143,1,0
cv_4019533717,1,0
cv_114757066,1,0
cv_1278976546,1,0
cv_974828547,1,0
cv_1725479457,1,0
cv_1602550552,2,0
cv_1291407347,1,0
cv_277283603,1,0
cv_231466786,2,0
cv_1483956632,1,0
cv_1481966688,1,0
cv_2545077172,1,0
cv_1837234042,1,0
cv_635253316,1,0
cv_2321626058,1,0
cv_357024693,1,0
cv_1139498109,1,0
cv_1155197067,1,0
cv_955339068,1,0
cv_2285423677,1,0
cv_1930360206,1,0
cv_3384115652,2,0
cv_1020208313,1,0
cv_3788147,1,0
cv_1293538085,1,0
cv_1486969212,1,0
cv_17802287,1,0
cv_406275957,1,0
cv_217338841,1,0
cv_2381380632,1,0
cv_2701845770,1,0
cv_1150784035,1,0
cv_2701572818,1,0
cv_61265020,1,0
cv_237344334,1,0
cv_2028912604,1,0
cv_473847562,1,0
cv_2454759507,1,0
cv_302517186,1,0
cv_2672750125,1,0
cv_89368267,1,0
cv_2596312989,1,0
cv_2131150936,1,0
cv_1487866544,1,0
cv_1308958900,1,0
cv_2939524092,1,0
cv_2236327441,1,0
cv_3556481080,2,0
cv_1447734461,1,0
cv_1897465203,1,0
cv_1130725554,1,0
cv_682754996,1,0
cv_1703333274,1,0
cv_487632371,1,0
cv_716245576,1,0
cv_1597998647,1,0
cv_1388559652,1,0
cv_425648274,1,0
cv_3634790493,1,0
cv_2662337967,1,0
cv_2736491916,1,0
cv_2541800347,1,0
cv_1957400295,1,0
cv_273930469,1,0
cv_1722296664,1,0
cv_2287839776,1,0
cv_2358793900,1,0
cv_2200411210,1,0
cv_21463528,1,0
cv_2931577681,1,0
cv_1370917672,1,0
cv_1243829681,1,0
cv_289889106,1,0
cv_296773061,2,0
cv_1408250215,1,0
cv_2859425967,1,0
cv_82812111,1,0
cv_1312603435,1,0
cv_2861409584,1,0
cv_2695011142,1,0
cv_94943071,1,0
cv_424306871,1,0
cv_2191580037,1,0
cv_1251636965,1,0
cv_1836359876,1,0
cv_1762587895,1,0
cv_2350519200,1,0
cv_1816936551,1,0
cv_2898827155,1,0
cv_796815794,1,0
cv_2881296076,1,0
cv_23021649,1,0
cv_109232415,1,0
cv_2767471507,1,0
cv_1821383737,1,0
cv_480830434,1,0
cv_2675132174,1,0
cv_1104484512,1,0
cv_2313137100,1,0
cv_2411862328,1,0
cv_2918655670,1,0
cv_996506057,1,0
cv_1018226611,1,0
cv_209976280,1,0
cv_2553238654,1,0
cv_713140862,1,0
cv_761808207,1,0
cv_745259756,1,0
cv_1202340094,1,0
cv_924701680,1,0
cv_855908052,1,0
cv_2902784929,1,0
cv_1839989854,1,0
cv_732756696,1,0
cv_802401056,1,0
cv_741312670,1,0
cv_479615002,1,0
cv_48448491,1,0
cv_1872529337,1,0
cv_596073251,1,0
cv_1541150130,1,0
cv_7525648,1,0
cv_763817582,1,0
cv_147496335,1,0
cv_1816176291,1,0
cv_2853474619,1,0
cv_179290711,1,0
cv_101782886,1,0
cv_471547144,1,0
cv_965084499,1,0
cv_936943352,1,0
cv_911584719,1,0
cv_2482958033,1,0
cv_2764774403,1,0
cv_1464510138,1,0
cv_519157043,1,0
cv_1199611247,1,0
cv_1274921419,1,0
cv_240569835,1,0
cv_8035183,1,0
cv_496838854,1,0
cv_2602215153,1,0
cv_2594992005,1,0
cv_83899732,1,0
cv_358712630,1,0
cv_1619477022,1,0
cv_1706115848,1,0
cv_15853963,1,0
cv_124252518,1,0
cv_1018394511,1,0
cv_393068512,1,0
cv_971043329,1,0
cv_2798545102,1,0
cv_232158060,1,0
cv_2607581132,1,0
cv_2959363424,1,0
cv_768949097,1,0
cv_224598279,1,0
cv_1850475684,1,0
cv_908488220,1,0
cv_241178494,1,0
cv_2548340181,1,0
cv_1064264128,1,0
cv_1505697044,1,0
cv_2008584959,1,0
cv_2497427781,1,0
cv_280084180,1,0
cv_243405132,1,0
cv_2516410370,1,0
cv_1442361089,1,0
cv_1269709435,1,0
cv_1040078757,1,0
cv_755774349,1,0
cv_2281424326,1,0
cv_1554350341,1,0
cv_1559713325,1,0
cv_26291678,1,0
cv_168536698,1,0
cv_2214442166,1,0
cv_2261365448,1,0
cv_1953105825,1,0
cv_773054758,1,0
cv_870087615,2,0
cv_457447949,1,0
cv_2336176698,1,0
cv_1416901075,1,0
cv_398312274,1,0
cv_1571054830,1,0
cv_2669225007,1,0
cv_763284716,1,0
cv_2278518661,1,0
cv_1553002805,1,0
cv_2847148485,1,0
cv_1384674479,1,0
cv_1979060416,1,0
cv_1073126182,1,0
cv_13100281,1,0
cv_493920570,1,0
cv_415050652,1,0
cv_1707568142,1,0
cv_1074356434,1,0
cv_2361190343,1,0
cv_1107321974,1,0
cv_1978801133,1,0
cv_340925518,1,0
cv_1051926457,1,0
cv_2454080400,1,0
cv_348782196,1,0
cv_61784958,1,0
cv_1978455263,1,0
cv_531785775,2,0
cv_658241937,1,0
cv_2108290736,1,0
cv_145445722,1,0
cv_1217200734,1,0
cv_229618763,1,0
cv_32610339,1,0
cv_1008681559,1,0
cv_4231521125,1,0
cv_257102430,1,0
cv_1833970966,1,0
cv_2531174099,1,0
cv_848628784,1,0
cv_1102832396,1,0
cv_2897586108,1,0
cv_682057115,1,0
cv_2835617456,1,0
cv_2760303358,1,0
cv_1416754290,1,0
cv_1669367244,1,0
cv_3727420950,1,0
cv_2159888370,1,0
cv_2320338445,1,0
cv_2103990994,1,0
cv_67879378,1,0
cv_4030892548,2,0
cv_1672009371,1,0
cv_3087082304,1,0
cv_3784572487,1,0
cv_170228678,1,0
cv_1666449860,1,0
cv_779924335,1,0
cv_678892624,1,0
cv_2761476522,1,0
cv_2632385913,1,0
cv_2731554443,1,0
cv_3622848690,1,0
cv_2164414458,1,0
cv_2452470201,1,0
cv_816156648,1,0
cv_976227746,1,0
cv_1969516391,1,0
cv_1639040298,1,0
cv_1457662569,1,0
cv_1740978328,1,0
cv_2462979456,1,0
cv_2120911493,1,0
cv_2033738104,1,0
cv_593288359,2,0
cv_1477633631,1,0
cv_2596252789,1,0
cv_1324208192,1,0
cv_619755276,1,0
cv_240688474,1,0
cv_2707835858,1,0
cv_1178711959,1,0
cv_204848343,2,0
cv_2299020709,2,0
cv_2446973832,1,0
cv_265346841,1,0
cv_2658185384,1,0
cv_3186346740,1,0
cv_811850080,1,0
cv_256107494,1,0
cv_274287974,1,0
cv_376351207,1,0
cv_163671252,1,0
cv_4072455590,1,0
cv_2845911111,1,0
cv_243946559,1,0
cv_534673146,1,0
cv_127001775,1,0
v085,3,0
cv_128065024,1,0
cv_2677555,1,0
cv_806348269,1,0
cv_253294085,1,0
cv_273330738,1,0
cv_331777160,1,0
cv_861332491,1,0
cv_281838799,1,0
cv_410109189,1,0
cv_26954488,1,0
cv_911462,1,0
cv_64830494,1,0
cv_1273326560,1,0
cv_261313796,1,0
cv_329566697,1,0
cv_2440298586,2,0
cv_78412299,1,0
cv_638212893,1,0
cv_52363350,1,0
cv_286252583,1,0
cv_195158297,1,0
cv_237289369,1,0
cv_86082846,1,0
cv_1142615,1,0
cv_173089002,1,0
cv_3033876301,1,0
cv_199975915,1,0
cv_1950548550,2,0
cv_174640584,1,0
cv_214049237,1,0
cv_2482006979,2,0
cv_991961039,1,0
cv_342768585,1,0
cv_307306740,1,0
cv_215849950,1,0
cv_341109584,1,0
cv_60247331,1,0
cv_373499200,1,0
cv_170476291,1,0
cv_23704611,1,0
cv_90122554,2,0
cv_271276350,1,0
cv_223486864,1,0
cv_578630251,1,0
cv_249334308,2,0
cv_4209931895,1,0
cv_580958164,1,0
cv_69600319,1,0
cv_284837325,2,0
cv_551485885,1,0
cv_287184805,1,0
cv_154625225,1,0
cv_128708186,1,0
cv_2514300358,2,0
cv_1948759864,1,0
cv_3029169401,1,0
cv_3996930013,1,0
cv_3811492143,1,0
cv_2768405550,1,0
cv_2261315827,1,0
cv_3066483909,1,0
cv_532701563,2,0
cv_461378952,1,0
cv_149380343,1,0
cv_197712836,1,0
cv_314965283,2,0
cv_182774762,1,0
cv_413097580,1,0
cv_89411876,1,0
cv_519339984,1,0
cv_214492919,1,0
cv_658397726,1,0
cv_576691130,1,0
cv_434115325,1,0
cv_460646740,1,0
cv_433310066,1,0
cv_2462643821,1,0
cv_350790078,1,0
cv_3679687763,1,0
cv_18719633,1,0
cv_315060931,2,0
cv_3077301718,1,0
cv_38544597,1,0
cv_164072553,2,0
cv_268381937,1,0
cv_1755913448,1,0
cv_3877691205,1,0
cv_874566682,1,0
cv_714247587,1,0
cv_479971272,1,0
cv_1709415732,1,0
cv_1597349334,1,0
cv_1817441,1,0
cv_160039404,1,0
cv_104511072,1,0
cv_686102767,1,0
cv_3578668232,1,0
cv_470602866,1,0
cv_622800798,1,0
cv_143420190,2,0
cv_178411377,1,0
cv_569995016,1,0
cv_189886375,1,0
cv_475813533,1,0
cv_2934871499,1,0
cv_426492944,1,0
cv_3919119012,1,0
cv_463528836,1,0
cv_1445367596,1,0
cv_262261557,1,0
cv_1798407577,2,0
cv_457160180,1,0
cv_2853071729,1,0
cv_232133196,1,0
cv_2915453154,1,0
cv_57753402,1,0
cv_100545659,1,0
cv_131780879,1,0
cv_3602852128,1,0
cv_40119489,2,0
cv_239806443,1,0
cv_477852605,1,0
cv_1629326619,1,0
cv_2999716312,1,0
cv_2630502198,1,0
cv_1381103222,1,0
cv_595542500,1,0
cv_1264232298,1,0
cv_401775343,1,0
cv_1503805125,1,0
v086,2,0
cv_552737617,1,0
cv_2960153054,1,0
cv_2169879927,1,0
cv_424882644,1,0
cv_290526896,1,0
cv_1042132255,1,0
cv_283631782,1,0
cv_4237557833,1,0
cv_1914054844,1,0
cv_1558250641,1,0
cv_3943903670,1,0
cv_2098068321,1,0
cv_863743474,1,0
cv_2169142636,1,0
cv_3855393987,1,0
cv_449918250,1,0
cv_2289867206,1,0
cv_1779175311,1,0
cv_458745158,1,0
cv_1293672115,1,0
cv_3068029225,1,0
cv_4248242440,1,0
cv_896795558,1,0
cv_2241301648,1,0
cv_4120038872,1,0
cv_82129985,1,0
cv_2553420518,1,0
cv_762961953,1,0
cv_1559085226,1,0
cv_1398903415,1,0
cv_181469090,1,0
cv_1060848394,1,0
cv_2774002079,1,0
cv_182951000,1,0
cv_3830370221,1,0
cv_3833961504,1,0
cv_3507391393,1,0
cv_1195127132,1,0
cv_121105191,1,0
cv_134673137,1,0
cv_142617346,1,0
cv_151031333,1,0
cv_1517694915,1,0
cv_164146271,1,0
cv_1642348122,2,0
cv_1705312142,1,0
cv_183562879,1,0
cv_204100758,1,0
cv_219521525,1,0
cv_278608074,1,0
cv_292754789,1,0
cv_308380131,1,0
cv_333194566,1,0
cv_349650372,1,0
cv_352423433,1,0
cv_354284590,1,0
cv_396501974,1,0
cv_414165361,1,0
cv_461319149,1,0
cv_478861069,1,0
cv_515786974,1,0
cv_519781960,1,0
cv_537031712,1,0
cv_545465557,1,0
cv_549449355,1,0
cv_553918824,1,0
cv_656666085,1,0
cv_794879037,1,0
cv_94762217,1,0
cv_2543568561,1,0
cv_668778987,2,0
cv_713040957,1,0
cv_841376891,2,0
cv_3004069264,1,0
cv_1598471444,1,0
cv_2257262131,1,0
cv_2390309945,1,0
cv_2507437726,1,0
cv_964647411,1,0
cv_481414615,1,0
cv_798438161,1,0
cv_1698042536,1,0
cv_2722000972,2,0
cv_1151194715,1,0
cv_108067226,1,0
cv_536955668,1,0
cv_980771710,1,0
cv_1379332388,1,0
cv_1509364579,1,0
cv_189810081,1,0
cv_144909740,1,0
cv_144981839,1,0
cv_1492387937,1,0
cv_150518202,2,0
cv_155231285,1,0
cv_159406256,1,0
cv_159850588,1,0
cv_162991436,1,0
cv_165359943,1,0
cv_165593932,1,0
cv_165844241,1,0
cv_16605277,1,0
cv_17732961,2,0
cv_18455877,1,0
cv_19238354,1,0
cv_1928423756,2,0
cv_200707398,1,0
cv_211291941,1,0
cv_2140778722,1,0
cv_215519772,1,0
cv_219549938,1,0
cv_220144165,1,0
cv_2256162860,1,0
cv_226823273,1,0
cv_22799302,1,0
cv_229091102,1,0
cv_2291327241,1,0
cv_2332548774,1,0
cv_2380704360,1,0
cv_2389812929,1,0
cv_2413738557,1,0
cv_247315019,1,0
cv_248554731,1,0
cv_250530118,1,0
cv_2516934014,1,0
cv_2673438720,1,0
cv_267352491,1,0
cv_270394821,1,0
cv_276389006,1,0
cv_2799803307,1,0
cv_2799823624,1,0
cv_280936518,1,0
cv_3014892076,1,0
cv_302410648,1,0
cv_305162763,1,0
cv_305385023,1,0
cv_3102944284,1,0
cv_31137310,1,0
cv_3131622121,1,0
cv_3194645225,1,0
cv_329426629,1,0
cv_330136992,1,0
cv_3349849763,1,0
cv_345532482,1,0
cv_3480079,1,0
cv_3568475411,1,0
cv_3588309100,1,0
cv_3590459112,1,0
cv_381582663,1,0
cv_3924024626,1,0
cv_399945641,1,0
cv_4080240263,1,0
cv_4108813197,1,0
cv_4116386952,1,0
cv_41252456,1,0
cv_4150615923,1,0
cv_4153766996,1,0
cv_457555930,1,0
cv_45996366,1,0
cv_48102338,1,0
cv_49388998,1,0
cv_527996874,1,0
cv_55675400,1,0
cv_566089608,1,0
cv_570082933,1,0
cv_57472989,1,0
cv_59832697,1,0
cv_61394148,1,0
cv_62581992,1,0
cv_645738085,1,0
cv_661790292,1,0
cv_66681805,1,0
cv_72041477,1,0
cv_7291971,1,0
cv_774469648,1,0
cv_78019357,1,0
cv_782497574,1,0
cv_814288661,1,0
cv_82828041,1,0
cv_86781536,1,0
cv_869240056,1,0
cv_93106100,1,0
cv_963768962,1,0
cv_97347714,1,0
cv_2055486807,1,0
cv_610996208,1,0
cv_121150329,1,0
cv_3112552388,1,0
cv_425782588,1,0
cv_2161660798,1,0
cv_1368856077,1,0
cv_2035340663,1,0
cv_1520610857,1,0
cv_2094193640,1,0
cv_2815277904,1,0
cv_100645880,1,0
cv_1033605155,1,0
cv_104474285,1,0
cv_1057012780,1,0
cv_105710526,1,0
cv_90380084,1,0
cv_1063336626,1,0
cv_107933639,1,0
cv_108100358,2,0
cv_11172536,1,0
cv_1121867617,1,0
cv_11368804,1,0
cv_114758221,1,0
cv_115094042,1,0
cv_1156074717,1,0
cv_116390550,1,0
cv_1189588724,1,0
cv_1211569979,1,0
cv_123084031,1,0
cv_125851892,1,0
cv_1276332952,1,0
cv_1279960808,1,0
cv_129885538,2,0
cv_1320611433,1,0
cv_132224076,1,0
cv_133894428,1,0
cv_134157296,1,0
cv_137938946,1,0
cv_139078828,1,0
cv_140802720,1,0
cv_144110173,1,0
cv_1498189831,1,0
cv_1545884354,1,0
cv_1638278672,1,0
cv_164518694,1,0
cv_166682773,1,0
cv_175839171,1,0
cv_179803755,1,0
cv_180058602,1,0
cv_181243836,1,0
cv_183819514,1,0
cv_188673320,1,0
cv_193194877,1,0
cv_193420592,1,0
cv_2042993053,1,0
cv_2046774738,1,0
cv_209208399,1,0
cv_223478387,1,0
cv_2242747544,2,0
cv_24145227,1,0
cv_244551074,1,0
cv_24563254,1,0
cv_246269734,1,0
cv_247189038,1,0
cv_248047067,1,0
cv_2563319,1,0
cv_256653424,1,0
cv_258273797,1,0
cv_2599323,1,0
cv_262476884,1,0
cv_274507390,1,0
cv_2826429575,1,0
cv_285528700,1,0
cv_286010721,1,0
cv_286286933,1,0
cv_2943304894,1,0
cv_296078348,1,0
cv_296931032,1,0
cv_3011693183,1,0
cv_3033896697,1,0
cv_315881295,1,0
cv_326832066,1,0
cv_3287051707,1,0
cv_3294635486,1,0
cv_353031045,1,0
cv_24295881,1,0
cv_36157343,1,0
cv_3674202501,2,0
cv_384372400,1,0
cv_39499145,1,0
cv_396850443,1,0
cv_445469903,1,0
cv_445950286,1,0
cv_457705930,1,0
cv_46495713,1,0
cv_4748610,1,0
cv_48277497,1,0
cv_53889040,1,0
cv_552432779,1,0
cv_623905861,1,0
cv_68616685,1,0
cv_715157187,1,0
cv_74388340,1,0
cv_75849929,1,0
cv_7650339,1,0
cv_76756162,1,0
cv_808185407,1,0
cv_82729745,1,0
cv_84274192,1,0
cv_900016087,1,0
cv_94833731,1,0
cv_98219951,1,0
cv_99376411,1,0
cv_924699754,1,0
cv_4277431672,1,0
cv_1755329701,1,0
cv_153143882,1,0
cv_2240490841,1,0
cv_147186523,1,0
cv_1677291480,1,0
cv_811420020,1,0
cv_2406113460,1,0
cv_421149612,1,0
cv_33805399,1,0
cv_2268738055,1,0
cv_1248529790,1,0
cv_4041566871,1,0
cv_1775027366,1,0
cv_1009764555,1,0
cv_941336287,1,0
cv_149859001,1,0
cv_72291432,1,0
cv_1951992153,1,0
cv_3492815820,1,0
cv_503505208,1,0
cv_1803220043,1,0
cv_1959825424,1,0
cv_2414872421,1,0
cv_1402589115,1,0
cv_4167836229,1,0
cv_2878551816,1,0
cv_2374978582,1,0
cv_483940207,1,0
cv_660208949,1,0
cv_507234766,1,0
cv_537847256,1,0
cv_598174510,1,0
cv_393954624,1,0
cv_913850679,1,0
cv_690695135,1,0
cv_349665125,1,0
cv_528657239,1,0
cv_709875846,1,0
cv_976057316,1,0
cv_3028808880,1,0
cv_2633273332,1,0
cv_3115697774,1,0
cv_3335150208,1,0
cv_1190294888,1,0
cv_1773200449,1,0
cv_2181357394,1,0
cv_4046479910,1,0
cv_3853281628,1,0
cv_3574951982,1,0
cv_3474927683,1,0
cv_1286595285,1,0
cv_2805457616,1,0
cv_3745315082,1,0
cv_1211684703,1,0
cv_3380187437,1,0
cv_2625357116,1,0
cv_3711279228,1,0
cv_4067153077,1,0
cv_1072023065,1,0
cv_2658323747,1,0
cv_1509828646,1,0
cv_3807114532,1,0
cv_2321761018,1,0
cv_3784193571,1,0
cv_1797617489,1,0
cv_3545108424,1,0
cv_2900871789,1,0
cv_3402862802,1,0
cv_1523278543,1,0
cv_3453848295,1,0
cv_3780598439,1,0
cv_3694368742,1,0
cv_3569474964,1,0
cv_1421660043,1,0
cv_3291817175,1,0
cv_3081665685,1,0
cv_4282460774,1,0
cv_2254795327,1,0
cv_3450988991,1,0
cv_4108394961,1,0
cv_3596122409,1,0
cv_3515784756,1,0
cv_2377877946,1,0
cv_1967306883,1,0
cv_4018757213,1,0
cv_2832963691,1,0
cv_1673328551,1,0
cv_3654741018,1,0
cv_2783126559,1,0
cv_3255408746,1,0
cv_3882842511,1,0
cv_1734004257,1,0
cv_1705544309,1,0
cv_2672981817,1,0
cv_3767515231,1,0
cv_3957220073,1,0
cv_1316487839,1,0
cv_3209655862,1,0
cv_1274506481,1,0
cv_4281738530,1,0
cv_3582400415,1,0
cv_2608957329,1,0
cv_4226752631,1,0
cv_1465742044,1,0
cv_2040498116,1,0
cv_1951846368,1,0
cv_1834905490,1,0
cv_416514949,1,0
cv_669181393,1,0
cv_464991262,1,0
cv_909778347,1,0
cv_238413293,2,0
cv_130904505,1,0
cv_2011199168,1,0
cv_1329228000,1,0
cv_2159635111,1,0
cv_3092522338,1,0
cv_2633682438,1,0
cv_2831180830,1,0
cv_2425747352,1,0
cv_1716031431,1,0
cv_3933860960,1,0
cv_1415244828,1,0
cv_870076708,1,0
cv_411034010,1,0
cv_886768635,1,0
cv_3255923321,1,0
cv_2786779678,1,0
cv_3397433732,1,0
cv_1882215518,1,0
cv_1944919041,1,0
cv_4077575414,1,0
cv_1062616015,1,0
cv_2363396653,1,0
cv_1111750013,1,0
cv_1026886984,1,0
cv_769805175,1,0
cv_2971932021,1,0
cv_1305921671,1,0
cv_1644533485,1,0
cv_906533522,1,0
cv_3172528117,1,0
cv_653970945,1,0
cv_2820851058,1,0
cv_2382478715,1,0
cv_672183199,1,0
cv_496705052,1,0
cv_2534905731,1,0
cv_2859155373,1,0
cv_1470608555,1,0
cv_2408413658,1,0
cv_4130264650,1,0
cv_175077187,1,0
cv_4117219756,1,0
cv_2517764509,1,0
cv_1226363142,1,0
cv_1431858507,1,0
cv_930886116,1,0
cv_3283783859,1,0
cv_3428604675,1,0
cv_730551145,1,0
cv_1839726122,1,0
cv_3960906928,1,0
cv_665906049,1,0
cv_1672067529,1,0
cv_1822919867,1,0
cv_3177735453,1,0
cv_3065472084,1,0
cv_877928785,1,0
cv_611716653,1,0
cv_1384747523,1,0
cv_3040190586,1,0
cv_305509092,1,0
cv_2532737687,1,0
cv_2768153203,1,0
cv_1703266969,1,0
cv_3396595957,1,0
cv_3290947944,1,0
cv_2800556023,1,0
cv_666988733,1,0
cv_3131518022,1,0
cv_1594569599,2,0
cv_1496114645,1,0
cv_738758248,1,0
cv_817566118,1,0
cv_631705453,1,0
cv_1362583882,1,0
cv_1611022327,2,0
cv_1425058536,1,0
cv_1368376972,1,0
cv_1435489104,1,0
cv_149560060,1,0
cv_150973680,1,0
cv_3287776966,1,0
cv_2739826989,1,0
cv_3708806381,1,0
cv_2697998031,1,0
cv_2378292044,1,0
cv_4183379433,1,0
cv_3718409071,1,0
cv_3033119901,1,0
cv_193572345,1,0
cv_134424671,1,0
cv_170173765,1,0
cv_2792396868,1,0
cv_3590508998,1,0
cv_1948336672,1,0
cv_1986424126,1,0
cv_3894113425,1,0
cv_2915569806,1,0
cv_3074293040,1,0
cv_2565560083,1,0
cv_888082885,1,0
cv_1113684989,1,0
cv_84033907,1,0
cv_2123459472,1,0
cv_2866837941,1,0
cv_73233832,1,0
cv_2484716504,1,0
cv_11853111,1,0
cv_1264368013,1,0
cv_1308249479,1,0
cv_1562106969,1,0
cv_1721241493,1,0
cv_955190833,1,0
cv_890254938,1,0
cv_735914394,1,0
cv_315915157,1,0
cv_2341906977,1,0
cv_331226895,1,0
cv_752098785,1,0
cv_286648134,1,0
cv_242373008,1,0
cv_252737481,1,0
cv_3954779881,1,0
cv_1554029476,1,0
cv_3434515206,1,0
cv_419656904,1,0
cv_507932711,1,0
cv_1225822082,1,0
cv_999177790,1,0
cv_358467261,1,0
cv_524649818,1,0
cv_423682651,1,0
cv_3468832418,1,0
cv_3619164069,1,0
cv_979184889,1,0
cv_210050448,1,0
cv_227362821,1,0
cv_502920678,1,0
cv_103475135,1,0
cv_957050665,1,0
cv_638809896,1,0
cv_835700030,1,0
cv_670048879,1,0
cv_736240852,1,0
cv_2001376979,1,0
cv_338547250,1,0
cv_729791983,1,0
cv_606884729,1,0
cv_366234025,1,0
cv_490394758,1,0
cv_365656058,1,0
cv_632878468,1,0
cv_742045943,1,0
cv_901879220,1,0
cv_177318992,1,0
cv_761334059,1,0
cv_3957352027,1,0
cv_995228210,1,0
cv_187616260,1,0
cv_395048081,1,0
cv_605690475,1,0
cv_621695893,1,0
cv_3762354452,1,0
cv_376041721,1,0
cv_220143595,1,0
cv_535848204,1,0
cv_901139649,1,0
cv_584844653,1,0
cv_697374640,1,0
cv_3222325513,1,0
cv_645814179,1,0
cv_691956810,1,0
cv_895900344,1,0
cv_3846644959,1,0
cv_325390931,1,0
cv_240125783,1,0
cv_340200601,1,0
cv_931661349,1,0
cv_322276254,1,0
cv_540151977,1,0
cv_691162454,1,0
cv_719731990,1,0
cv_612055920,1,0
cv_2861983433,1,0
cv_377708309,1,0
cv_191756538,1,0
cv_717235310,1,0
cv_432938037,1,0
cv_456922800,1,0
cv_876135859,1,0
cv_179858939,1,0
cv_272304250,1,0
cv_857489844,1,0
cv_2660072865,1,0
cv_765628743,1,0
cv_791324284,1,0
cv_170817398,1,0
cv_640032641,1,0
cv_633693735,1,0
cv_804742810,1,0
cv_534971000,1,0
cv_1721795694,1,0
cv_2332720509,1,0
cv_3667624760,1,0
cv_3014619686,1,0
cv_3905889289,1,0
cv_1258851000,1,0
cv_1044460483,1,0
cv_1285984927,1,0
cv_3224902300,1,0
cv_3724920217,1,0
cv_3379515299,1,0
cv_1674962399,1,0
cv_4009257479,1,0
cv_1016282076,1,0
cv_1005446418,1,0
cv_1811669109,1,0
cv_1119370078,1,0
cv_3955517357,1,0
cv_1799166778,1,0
cv_3322459910,1,0
cv_1977103320,1,0
cv_1184369753,1,0
cv_3299738493,1,0
cv_4008633573,1,0
cv_1899314298,1,0
cv_3645010328,1,0
cv_1281317518,1,0
cv_4069352358,1,0
cv_2920512925,1,0
cv_4077330142,1,0
cv_2326698201,1,0
cv_2091155684,1,0
cv_1656959666,1,0
cv_3014525387,1,0
cv_3381720921,1,0
cv_1980766226,1,0
cv_1343386332,1,0
cv_2252654913,1,0
cv_1023277656,1,0
cv_3275090211,1,0
cv_3219240864,1,0
cv_2731789487,1,0
cv_2905587912,1,0
cv_2739649376,1,0
cv_3580518640,1,0
cv_982747597,1,0
cv_1117097921,1,0
cv_1963509477,1,0
cv_3813680417,1,0
cv_3024523183,1,0
cv_1700294358,1,0
cv_3626774157,1,0
cv_3759471555,1,0
cv_2117188176,1,0
cv_3727696663,1,0
cv_3132112879,1,0
cv_2774818551,1,0
cv_1733787958,1,0
cv_3790934233,1,0
cv_3951465225,1,0
cv_1020173750,1,0
cv_3109513389,1,0
cv_330117603,1,0
cv_3301482392,1,0
cv_2912889975,1,0
cv_3801224310,1,0
cv_2806542314,1,0
cv_2934635416,1,0
cv_3276103123,1,0
cv_3808090486,1,0
cv_1699778857,1,0
cv_2077537203,1,0
cv_2124150758,1,0
cv_2929917084,1,0
cv_1642639637,1,0
cv_2902846455,1,0
cv_1661048650,1,0
cv_4204532063,1,0
cv_4059321395,1,0
cv_3398912380,1,0
cv_3815451146,1,0
cv_2165742651,1,0
cv_3809648218,1,0
cv_2461480360,1,0
cv_1384646408,2,0
cv_1256577643,1,0
cv_3495735429,1,0
cv_3892951591,1,0
cv_3621907648,1,0
cv_1789912508,1,0
cv_3946980272,1,0
cv_4061877923,1,0
cv_3641902470,1,0
cv_1962641420,1,0
cv_2967795770,1,0
cv_2759814103,1,0
cv_3848152664,1,0
cv_2232404306,1,0
cv_1713684764,1,0
cv_3210447695,1,0
cv_1746960409,1,0
cv_3798059452,1,0
cv_3355208992,1,0
cv_1209251833,1,0
cv_2443154252,1,0
cv_1837702124,1,0
cv_1702964363,1,0
cv_4046976188,1,0
cv_4065670594,1,0
cv_2423072155,1,0
cv_2713976929,1,0
cv_1652566195,1,0
cv_1248942316,1,0
cv_1117798435,1,0
cv_1505669195,1,0
cv_4058367911,1,0
cv_2006365790,1,0
cv_1831641763,1,0
cv_1360905544,1,0
cv_4271851278,1,0
cv_1442422026,1,0
cv_4080519290,1,0
cv_2420352639,1,0
cv_1316849666,1,0
cv_2014749480,1,0
cv_3925222012,1,0
cv_3954706921,1,0
cv_1458429069,1,0
cv_1765646826,1,0
cv_2566584218,2,0
cv_1619988490,1,0
cv_2530780289,1,0
cv_1154746237,1,0
cv_2189366103,1,0
cv_1761259574,1,0
cv_4134726537,1,0
cv_2909651620,1,0
cv_3532294073,1,0
cv_980109417,1,0
cv_4052871894,1,0
cv_2043575949,1,0
cv_858448203,1,0
cv_1046854246,1,0
cv_1559570600,1,0
cv_3903811485,1,0
cv_3157362739,1,0
cv_4137101904,1,0
cv_1456685161,1,0
cv_3118086133,1,0
cv_2194831971,1,0
cv_2926020044,1,0
cv_2075332610,1,0
cv_3942826771,1,0
cv_392468270,1,0
cv_1393149401,1,0
cv_4278632798,1,0
cv_2860117871,1,0
cv_1124285026,1,0
cv_2951342566,1,0
cv_2236172098,1,0
cv_2101045941,1,0
cv_854549994,2,0
cv_2085401065,1,0
cv_3335883082,1,0
cv_2229896691,1,0
cv_82793539,2,0
cv_3000859627,1,0
cv_3152522756,1,0
cv_2996399158,1,0
cv_1920060227,1,0
cv_3326305423,1,0
cv_2187304950,1,0
cv_2446508129,1,0
cv_3066469722,1,0
cv_3331761837,1,0
cv_3279994445,1,0
cv_4094067928,1,0
cv_1416341375,1,0
cv_2262588225,1,0
cv_1618427050,1,0
cv_2404783282,1,0
cv_2296404849,1,0
cv_1221817732,1,0
cv_2584494857,1,0
cv_3910203461,1,0
cv_3965820566,1,0
cv_2109073574,1,0
cv_1567280793,1,0
cv_3391550941,1,0
cv_2048070984,1,0
cv_3597589770,1,0
cv_1666209415,1,0
cv_2969742149,1,0
cv_4273019015,1,0
cv_1128434657,1,0
cv_1128749346,1,0
cv_1193025103,1,0
cv_1332848464,1,0
cv_1469407387,1,0
cv_1634921967,1,0
cv_1714077095,1,0
cv_1768950275,1,0
cv_1832045481,1,0
cv_198221914,1,0
cv_2259849668,1,0
cv_2280863341,1,0
cv_2392280067,1,0
cv_2436483183,1,0
cv_2535710387,1,0
cv_2665278754,1,0
cv_2922140761,1,0
cv_306917189,1,0
cv_3087253952,1,0
cv_3194630365,1,0
cv_3390145101,1,0
cv_3498771653,1,0
cv_3549951132,1,0
cv_3571562248,1,0
cv_3780801976,1,0
cv_3793137577,1,0
cv_3810018486,1,0
cv_3931050636,1,0
cv_3977958627,1,0
cv_4007600521,1,0
cv_4081653488,1,0
cv_4167503958,1,0
cv_4226702373,1,0
cv_4243867818,1,0
cv_4259002639,1,0
cv_440067553,1,0
cv_895509093,1,0
cv_914934925,2,0
cv_843096616,1,0
cv_1610222707,1,0
cv_1121316459,1,0
cv_1109073571,1,0
cv_2579684351,1,0
cv_713617597,1,0
cv_1106563696,1,0
cv_215776295,2,0
cv_3022576861,2,0
cv_556475655,1,0
cv_625011472,1,0
cv_707486725,1,0
cv_609531486,1,0
cv_544396920,1,0
cv_601470595,1,0
cv_601397180,1,0
cv_1733150008,1,0
cv_1114629772,1,0
cv_2777329851,1,0
cv_1035877656,1,0
cv_2404018287,1,0
cv_1550946844,1,0
cv_2103278624,1,0
cv_3606358172,1,0
cv_4028256057,1,0
cv_4135320206,1,0
cv_2159065821,1,0
cv_3772036872,1,0
cv_3620478703,1,0
cv_2994173800,1,0
cv_2985853927,1,0
cv_1786518842,1,0
cv_2586684143,1,0
cv_4082409814,1,0
cv_3941983182,1,0
cv_1926079944,1,0
cv_1681042132,1,0
cv_2700284940,1,0
cv_1480281660,1,0
cv_1040368912,2,0
cv_4287140471,1,0
cv_2036699525,1,0
cv_2429564916,1,0
cv_4290055038,1,0
cv_4288174631,1,0
cv_3840329276,1,0
cv_2378824587,1,0
cv_3784118842,1,0
cv_1913438042,1,0
cv_4124319900,1,0
cv_3852620381,1,0
cv_2211487737,1,0
cv_1170687597,1,0
cv_1401209243,1,0
cv_2500364195,1,0
cv_2551243530,1,0
cv_3885670276,1,0
cv_1700435246,1,0
cv_3762544688,1,0
cv_1709787545,1,0
cv_2541029499,1,0
cv_3720556083,1,0
cv_2694655234,1,0
cv_2446584109,1,0
cv_1976031742,1,0
cv_3964385604,1,0
cv_3226093785,1,0
cv_3544380736,1,0
cv_2916642500,1,0
cv_3749684563,1,0
cv_3178070535,1,0
cv_2480259821,1,0
cv_3954240367,1,0
cv_1435838426,1,0
cv_3877185764,1,0
cv_2151807190,1,0
cv_3077481685,1,0
cv_2399159537,1,0
cv_2789447330,1,0
cv_3891952821,1,0
cv_1248027508,1,0
cv_3159197586,1,0
cv_3871594281,1,0
cv_1479662245,1,0
cv_3538717439,1,0
cv_2930957210,1,0
cv_3192243356,1,0
cv_3936507509,1,0
cv_1019218083,1,0
cv_2826099460,1,0
cv_1728202304,1,0
cv_2078956381,1,0
cv_4181374108,1,0
cv_2615815833,1,0
cv_3251515997,1,0
cv_3426835342,1,0
cv_920228917,1,0
cv_1992426215,1,0
cv_793739886,1,0
cv_985085189,1,0
cv_887825816,1,0
cv_924625569,1,0
cv_191810644,2,0
cv_2345213336,1,0
cv_2240888689,1,0
cv_1276997291,1,0
cv_2442841515,1,0
cv_3936610691,1,0
cv_2656885726,1,0
cv_3929968236,1,0
cv_4099910017,1,0
cv_2666049096,1,0
cv_2591233292,1,0
cv_3414794399,1,0
cv_2031503033,1,0
cv_3663416264,1,0
cv_3130198138,1,0
cv_4168314116,1,0
cv_100433500,1,0
cv_1068447182,2,0
cv_108412862,1,0
cv_1110213437,1,0
cv_1147315889,1,0
cv_114750223,1,0
cv_116195455,1,0
cv_1184228220,1,0
cv_118492816,1,0
cv_120736080,1,0
cv_1231787229,1,0
cv_1264631508,1,0
cv_1327903320,1,0
cv_13702645,1,0
cv_137755402,1,0
cv_139872606,1,0
cv_1446435290,1,0
cv_1448145471,1,0
cv_160097158,1,0
cv_1606449382,1,0
cv_1619678,1,0
cv_161977254,1,0
cv_1639584961,1,0
cv_1640533258,1,0
cv_1764638521,1,0
cv_1775493733,1,0
cv_1813872978,1,0
cv_1859182656,1,0
cv_1885834802,2,0
cv_194657347,1,0
cv_1967683292,1,0
cv_2004035836,1,0
cv_202299071,1,0
cv_212458941,1,0
cv_2131402272,1,0
cv_2160227508,1,0
cv_216302013,1,0
cv_2184292275,1,0
cv_2195153630,1,0
cv_226415035,1,0
cv_22818047,1,0
cv_228308426,1,0
cv_2388533479,2,0
cv_2400293367,1,0
cv_248404375,1,0
cv_2541283558,1,0
cv_2659112764,1,0
cv_2660939156,1,0
cv_2722342224,1,0
cv_27395828,1,0
cv_276248963,1,0
cv_2777074096,1,0
cv_2883112623,1,0
cv_290680280,2,0
cv_2935058072,1,0
cv_293694858,1,0
cv_2974975352,2,0
cv_2993117080,2,0
cv_3010001050,1,0
cv_3037748610,1,0
cv_3083734682,1,0
cv_3109977947,1,0
cv_3117248985,1,0
cv_3118291455,1,0
cv_313232918,1,0
cv_3140192232,1,0
cv_3151154293,1,0
cv_315363940,1,0
cv_316637908,1,0
cv_3242736184,1,0
cv_3260105668,1,0
cv_3268207313,1,0
cv_4218568232,1,0
cv_4251800337,1,0
cv_4280858950,1,0
cv_4290049572,1,0
cv_460347981,1,0
cv_474592060,1,0
cv_491622956,1,0
cv_50138514,1,0
cv_532208662,1,0
cv_62023330,1,0
cv_65407354,1,0
cv_657476791,1,0
cv_732760860,1,0
cv_744063381,1,0
cv_747362165,2,0
cv_787970938,1,0
cv_79866980,2,0
cv_80200123,1,0
cv_824081205,1,0
cv_8589670,1,0
cv_86484173,1,0
cv_8812798,1,0
cv_883915824,1,0
cv_88997544,1,0
cv_89359237,2,0
cv_908939612,1,0
cv_932619966,1,0
cv_94987204,1,0
cv_960150875,1,0
cv_967823902,1,0
cv_977515940,1,0
cv_598702563,1,0
cv_688148326,1,0
cv_3979066205,1,0
cv_1482222047,1,0
cv_280005295,1,0
cv_3712195894,1,0
cv_3749837840,1,0
cv_2014658243,1,0
cv_560068340,1,0
cv_3573344168,1,0
cv_705661652,1,0
cv_3951486460,1,0
cv_2361415396,2,0
cv_813499265,2,0
cv_1560562797,1,0
cv_421581426,1,0
cv_1815489150,1,0
cv_1818880493,1,0
cv_1827682766,1,0
cv_1829958266,1,0
cv_1830260169,1,0
cv_1916666309,1,0
cv_1942759450,1,0
cv_1956074226,1,0
cv_1958212809,1,0
cv_1960084725,1,0
cv_2061901347,1,0
cv_2081160039,1,0
cv_2132348140,1,0
cv_2141113082,1,0
cv_2153463677,1,0
cv_2192819568,1,0
cv_2198721659,1,0
cv_2219400770,1,0
cv_2228877897,1,0
cv_2233196066,1,0
cv_2242957440,2,0
cv_2262466636,1,0
cv_2304194332,1,0
cv_1777857752,1,0
cv_1790706090,1,0
cv_241810347,2,0
cv_2434527590,1,0
cv_2441464536,1,0
cv_2490427029,1,0
cv_2500022282,1,0
cv_2549608658,1,0
cv_2622828105,1,0
cv_2652478127,1,0
cv_1618515422,1,0
cv_2689551063,1,0
cv_2713685621,1,0
cv_2714565857,1,0
cv_2772079323,1,0
cv_2796302783,1,0
cv_2304374366,1,0
cv_2859326873,1,0
cv_2871371816,1,0
cv_2889037246,1,0
cv_2918404125,1,0
cv_2232809022,1,0
cv_298736197,1,0
cv_3019084906,1,0
cv_3535145076,1,0
cv_389471499,1,0
cv_3091865134,1,0
cv_3111072163,1,0
cv_1933401472,1,0
cv_1975705453,1,0
cv_205248442,1,0
cv_1268771034,1,0
cv_2167687486,1,0
cv_2312000865,1,0
cv_2343295735,1,0
cv_2443501600,1,0
cv_2444900167,1,0
cv_2479926792,1,0
cv_2648911467,1,0
cv_2792131025,1,0
cv_2842068533,1,0
cv_3027815353,1,0
cv_3041423905,1,0
cv_3043991767,1,0
cv_3045662315,1,0
cv_3046484189,1,0
cv_3051851329,1,0
cv_3061263194,1,0
cv_189829742,1,0
cv_1921230657,1,0
cv_3124624959,1,0
cv_3136458801,1,0
cv_3147936385,1,0
cv_3171020409,1,0
cv_3174395721,1,0
cv_3203169937,1,0
cv_1760155256,1,0
cv_3241275095,1,0
cv_3247562775,1,0
cv_3251130364,1,0
cv_3252119615,1,0
cv_3111083032,1,0
cv_2347790204,1,0
cv_98625230,1,0
cv_973179832,1,0
cv_968298318,1,0
cv_959154106,1,0
cv_917278390,1,0
cv_1031063486,1,0
cv_898778168,1,0
cv_1058950806,1,0
cv_888405135,1,0
cv_1072511873,1,0
cv_876589872,1,0
cv_1075576871,1,0
cv_848535614,1,0
cv_1080354485,1,0
cv_842794430,1,0
cv_1088221545,1,0
cv_839276671,1,0
cv_1108446546,1,0
cv_823917145,1,0
cv_1172128196,1,0
cv_819351269,1,0
cv_815116612,1,0
cv_1195703619,1,0
cv_1212326934,1,0
cv_799940508,1,0
cv_1213609961,1,0
cv_1237288244,1,0
cv_796096901,1,0
cv_1242180728,1,0
cv_795347940,1,0
cv_768527825,1,0
cv_1348787293,1,0
cv_3342110748,2,0
cv_137508566,1,0
cv_75906904,1,0
cv_1573774542,1,0
cv_949776835,1,0
cv_1179545926,1,0
cv_1187091246,1,0
cv_755040830,1,0
cv_104046886,1,0
cv_137559147,1,0
cv_164161062,1,0
cv_1735665009,1,0
cv_237180328,1,0
cv_991212312,1,0
cv_738743413,1,0
cv_737408651,1,0
cv_720536718,1,0
cv_700478798,1,0
cv_668502811,1,0
cv_658475830,1,0
cv_1018623573,1,0
cv_1037952865,1,0
cv_652182999,1,0
cv_1040967929,1,0
cv_1429494245,1,0
cv_627162352,1,0
cv_2083084464,1,0
cv_1409077346,1,0
cv_1429956809,1,0
cv_39562063,3,0
cv_883030563,3,0
cv_891946233,3,0
cv_748353838,1,0
cv_1245029717,1,0
cv_4225402370,1,0
cv_4036742089,1,0
cv_1231340908,1,0
cv_184424318,1,0
cv_30904915,1,0
cv_3367624343,1,0
cv_3390508312,1,0
cv_34223558,1,0
cv_3458900251,1,0
cv_3474790962,1,0
cv_356752180,1,0
cv_357773844,1,0
cv_3611185048,1,0
cv_3650593169,1,0
cv_645433853,1,0
cv_3653260370,1,0
cv_3654658994,1,0
cv_3670692498,1,0
cv_3825440951,1,0
cv_38480236,1,0
cv_386412681,1,0
cv_664072717,1,0
cv_3884504834,1,0
cv_3910722608,1,0
cv_2754997522,1,0
cv_3928617853,1,0
cv_3949164791,1,0
cv_3950400773,1,0
cv_400794817,1,0
cv_41031089,1,0
cv_4129965037,1,0
cv_4134359500,1,0
cv_54720563,1,0
cv_55072138,1,0
cv_816416745,1,0
cv_92528987,1,0
cv_985531045,1,0
cv_1840192984,1,0
cv_3099852631,1,0
cv_3209292553,1,0
cv_3267650776,1,0
cv_2462691334,1,0
cv_2283457351,1,0
cv_3305208062,1,0
cv_4289133066,1,0
cv_3065646191,2,0
cv_2795612074,1,0
cv_905401429,2,0
cv_2317624828,1,0
cv_3510450127,1,0
cv_4269401752,1,0
cv_503029542,1,0
cv_3481943787,1,0
cv_3286528568,1,0
cv_3398811706,1,0
cv_2015119542,1,0
cv_1612341682,1,0
cv_3076909253,1,0
cv_592585971,1,0
cv_4265037519,1,0
cv_194335196,1,0
cv_1999608713,1,0
cv_3639108833,1,0
cv_3790292506,1,0
cv_2957337236,1,0
cv_1405948223,1,0
cv_2032956060,1,0
cv_1289368780,1,0
cv_3316560099,1,0
cv_1112161940,1,0
cv_1112563709,1,0
cv_1231763032,1,0
cv_2368533211,1,0
cv_874400666,1,0
cv_3048267446,1,0
cv_2178056140,1,0
cv_446682791,1,0
cv_3978123609,1,0
cv_3291890739,1,0
cv_3948577606,1,0
cv_1565672760,1,0
cv_3392393674,1,0
cv_1370690412,1,0
cv_3682790270,1,0
cv_1317315924,1,0
cv_1770589065,1,0
cv_1083606882,1,0
cv_159075183,1,0
cv_215908866,1,0
cv_2630907604,1,0
cv_4131014214,1,0
cv_1133842381,1,0
cv_353866087,1,0
cv_2998566534,2,0
cv_3951358923,1,0
cv_3874883389,1,0
cv_2035196958,1,0
cv_1591000302,1,0
cv_1606370595,1,0
cv_1022387225,1,0
cv_2207099689,1,0
cv_3046965829,1,0
cv_4002550897,1,0
cv_1777583083,1,0
cv_4240570306,1,0
cv_2320519552,1,0
cv_2850190627,1,0
cv_3011049706,1,0
cv_310213418,1,0
cv_3961300085,1,0
cv_46867661,1,0
cv_497173373,1,0
cv_3762780523,1,0
cv_52151122,1,0
cv_547471652,1,0
cv_1017489650,1,0
cv_2511753126,1,0
cv_3092920477,1,0
cv_849084159,1,0
cv_985770259,1,0
cv_3055284199,1,0
cv_2161861041,1,0
cv_1100436700,1,0
cv_2421275181,1,0
cv_1063491140,1,0
cv_3401769735,1,0
cv_3120580453,1,0
cv_3236338040,1,0
cv_346019497,1,0
cv_2497488539,1,0
cv_3066509945,1,0
cv_4167887113,1,0
cv_1513223332,1,0
cv_739923566,1,0
cv_941756852,1,0
cv_2712056276,1,0
cv_1458775803,1,0
cv_4168956367,1,0
cv_3654991292,1,0
cv_547380082,1,0
cv_3429168604,1,0
cv_3651053589,1,0
cv_2288348968,1,0
cv_3964006229,1,0
cv_4171818343,1,0
cv_2646954890,1,0
cv_3033112099,1,0
cv_3352612945,1,0
cv_3188505868,1,0
cv_1738112904,1,0
cv_2197422452,1,0
cv_622619203,1,0
cv_3129563016,1,0
cv_2819930212,1,0
cv_723419547,1,0
cv_2884141749,1,0
cv_3052244581,1,0
cv_1920447361,2,0
cv_622460005,1,0
cv_409837476,1,0
cv_323859805,1,0
cv_3551706751,1,0
cv_4272394627,1,0
cv_299248269,2,0
cv_341943482,1,0
cv_366255329,2,0
cv_1258989415,1,0
cv_856750109,1,0
cv_1340660276,1,0
cv_2661226957,1,0
cv_937061537,2,0
cv_1442603624,1,0
cv_1184204028,1,0
cv_564318012,1,0
cv_3029260559,1,0
cv_2332300853,1,0
cv_557355820,1,0
cv_1375608037,1,0
cv_3347987576,1,0
cv_3353995626,1,0
cv_2320507044,1,0
cv_2256623378,1,0
cv_1898394019,1,0
cv_1354419253,1,0
cv_1003409256,1,0
cv_3159184775,1,0
cv_832032653,1,0
cv_3883699375,1,0
cv_2374765880,1,0
cv_3910167234,1,0
cv_3992850241,1,0
cv_4248728119,1,0
cv_4011312152,1,0
cv_2484594942,1,0
cv_4038432957,1,0
cv_1993046379,1,0
cv_2308358909,1,0
cv_2613471126,1,0
cv_1541055351,1,0
cv_1385735342,1,0
cv_1025323915,1,0
cv_1170905999,1,0
cv_2568101052,1,0
cv_1495679990,1,0
cv_2044535766,1,0
cv_795984787,1,0
cv_2766376345,1,0
cv_3094463980,1,0
cv_305311564,1,0
cv_2324843979,1,0
cv_3651570526,1,0
cv_4095660900,1,0
cv_3936562889,1,0
cv_796327693,1,0
cv_1535781782,1,0
cv_1758367628,1,0
cv_2777759939,1,0
cv_3732810381,1,0
cv_3298659881,1,0
cv_1053377200,1,0
cv_3667462342,1,0
cv_553506200,1,0
cv_504927187,1,0
cv_3111021126,1,0
cv_1014818723,1,0
cv_461915873,1,0
cv_765701743,1,0
cv_2923042087,1,0
cv_2600564735,1,0
cv_1412251911,1,0
cv_638058828,1,0
cv_2103589924,1,0
cv_2479262145,1,0
cv_1874785682,1,0
cv_1111487113,1,0
cv_3405410866,1,0
cv_3831415902,1,0
cv_573471962,1,0
cv_3717141434,2,0
cv_3962152650,1,0
cv_4218239675,1,0
cv_1630748554,1,0
cv_2723757944,1,0
cv_694337345,1,0
cv_1840836372,1,0
cv_873017751,1,0
cv_3422705557,1,0
cv_4269616653,1,0
cv_301181397,1,0
cv_1503679058,1,0
cv_1403375490,1,0
cv_872063142,1,0
cv_3649977418,1,0
cv_740064617,2,0
cv_4002902795,1,0
cv_3127930526,1,0
cv_3382011442,1,0
cv_1916636361,1,0
cv_2347501109,1,0
cv_3577417122,1,0
cv_3246808773,1,0
cv_2864513055,1,0
cv_3301226186,1,0
cv_3089193986,1,0
cv_1494170562,1,0
cv_3812230407,1,0
cv_2697294634,1,0
cv_2001101556,1,0
cv_4222077196,1,0
cv_345082100,1,0
cv_1996722746,1,0
cv_1384019067,1,0
cv_3358726627,1,0
cv_1086232087,1,0
cv_153396974,1,0
cv_1848149130,1,0
cv_346776582,1,0
cv_333276521,1,0
cv_355329712,1,0
cv_57561720,1,0
cv_3521922314,1,0
cv_2427654342,1,0
cv_1595922237,1,0
cv_1817232560,1,0
cv_2987940552,1,0
cv_2856356671,1,0
cv_1039600176,1,0
cv_2241577201,1,0
cv_350506863,1,0
cv_1689219098,1,0
cv_1398575043,1,0
cv_2136917144,1,0
cv_674108718,1,0
cv_3654117365,1,0
cv_3706003427,1,0
cv_3803595564,1,0
cv_3125876364,1,0
cv_2988918284,1,0
cv_215194559,1,0
cv_280852497,1,0
cv_4022535682,1,0
cv_2298387012,1,0
cv_3303848403,1,0
cv_2708421761,1,0
cv_2744478260,1,0
cv_1307388370,1,0
cv_3019909349,1,0
cv_1923382939,1,0
cv_1791140171,1,0
cv_1132511975,1,0
cv_310290983,1,0
cv_3670325495,1,0
cv_253616822,1,0
cv_1549171076,1,0
cv_57428799,1,0
cv_3053361952,1,0
cv_2803964434,1,0
cv_3147750926,1,0
cv_4214207973,1,0
cv_4007842523,1,0
cv_3501188028,1,0
cv_3564844387,1,0
cv_935248901,1,0
cv_3856197674,1,0
cv_2055648279,1,0
cv_1723001318,1,0
cv_748407912,1,0
cv_2344939266,1,0
cv_1396414947,1,0
cv_4294113020,1,0
cv_1265896391,1,0
cv_1431436142,1,0
cv_4070136143,1,0
cv_3748594741,1,0
cv_1901473898,1,0
cv_2742875862,1,0
cv_1510155775,1,0
cv_2421643855,1,0
cv_3258910975,1,0
cv_2384877815,1,0
cv_3651365286,1,0
cv_2162234313,1,0
cv_1686545740,1,0
cv_1162368494,1,0
cv_1938557215,1,0
cv_61067334,1,0
cv_1309983047,1,0
cv_3470255713,1,0
cv_3521300270,1,0
cv_2062416003,1,0
cv_777873947,1,0
cv_1068128483,1,0
cv_3159613171,1,0
cv_2876093968,1,0
cv_1154025011,1,0
cv_4181264764,1,0
cv_1507112073,1,0
cv_3697513465,1,0
cv_3653435215,1,0
cv_1351137709,1,0
cv_2992143162,1,0
cv_4082998072,1,0
cv_1104583988,1,0
cv_2723006785,1,0
cv_4204916437,1,0
cv_1159098172,1,0
cv_2275993395,1,0
cv_4040285129,1,0
cv_726573373,1,0
cv_3942451670,1,0
cv_804584013,1,0
cv_1371340829,1,0
cv_3300238637,1,0
cv_480375264,1,0
cv_1562988680,1,0
cv_3858939526,1,0
cv_991230207,1,0
cv_2177263752,1,0
cv_3027067243,1,0
cv_2136215340,1,0
cv_2550502436,1,0
cv_2008505869,1,0
cv_3262687530,1,0
cv_3421707514,1,0
cv_3032081842,1,0
cv_4070007996,1,0
cv_2549565764,1,0
cv_3496757135,1,0
cv_797684989,1,0
cv_1279568616,1,0
cv_2421053577,1,0
cv_1450293899,1,0
cv_2008377215,1,0
cv_2360270218,1,0
cv_4182687201,1,0
cv_552892441,1,0
cv_1819162363,1,0
cv_192272040,1,0
cv_1531163183,1,0
cv_3672742254,1,0
cv_2794610827,1,0
cv_3575001974,1,0
cv_1888145740,1,0
cv_2188194561,1,0
cv_3602900802,1,0
cv_4196361903,1,0
cv_2683657481,1,0
cv_2471686460,1,0
cv_2090851439,1,0
cv_118007536,1,0
cv_2674759954,1,0
cv_3457531806,1,0
cv_1867126318,1,0
cv_1753318245,1,0
cv_807605774,1,0
cv_1161814101,1,0
cv_2802371581,1,0
cv_2157711993,1,0
cv_1820528833,1,0
cv_1839057325,1,0
cv_2439229805,1,0
cv_2670096276,1,0
cv_4238886593,1,0
cv_431654836,1,0
cv_1982516778,1,0
cv_2079722322,1,0
cv_1341890852,1,0
cv_2070708815,1,0
cv_3899173187,1,0
cv_1530118780,1,0
cv_3816160523,1,0
cv_3561583514,1,0
cv_1334147352,1,0
cv_1155393064,1,0
cv_3899405310,1,0
cv_2291582282,1,0
cv_3389009676,1,0
cv_2409337430,1,0
cv_1365162102,1,0
cv_1849456625,1,0
cv_3357865067,1,0
cv_3113739474,1,0
cv_751901778,1,0
cv_4142225715,1,0
cv_3217138846,1,0
cv_718603453,1,0
cv_622717075,1,0
cv_2557074155,1,0
cv_3767953317,1,0
cv_4082338476,1,0
cv_3930319590,1,0
cv_3833050414,1,0
cv_1923867445,1,0
cv_1806267494,1,0
cv_3745109904,1,0
cv_1165407503,1,0
cv_2681243237,1,0
cv_3082693590,1,0
cv_3668738773,1,0
cv_4007979085,1,0
cv_1403198852,1,0
cv_2100046231,1,0
cv_3114993293,1,0
cv_3859440687,1,0
cv_4189287220,1,0
cv_1738072809,1,0
cv_1085350077,1,0
cv_3646207120,1,0
cv_4293227960,1,0
cv_3057831951,1,0
cv_3692180781,1,0
cv_3531662584,1,0
cv_3454080155,1,0
cv_642497015,1,0
cv_3718605921,1,0
cv_1323759351,2,0
cv_817058574,1,0
cv_1119636350,1,0
cv_3566541193,1,0
cv_4187154481,1,0
cv_3272925459,1,0
cv_3473281891,1,0
cv_3424309835,1,0
cv_2045359935,1,0
cv_2509753100,1,0
cv_3607826,1,0
cv_2861111789,1,0
cv_4175793676,1,0
cv_400807527,1,0
cv_3433687249,1,0
cv_2375654188,1,0
cv_3650575741,1,0
cv_3594719775,1,0
cv_3521330231,1,0
cv_1831142992,1,0
cv_622043941,1,0
cv_2205982352,1,0
cv_1315310824,1,0
cv_1096016729,1,0
cv_1943625286,1,0
cv_1742883114,1,0
cv_3304816884,1,0
cv_3990610094,1,0
cv_3815004628,1,0
cv_934403470,1,0
cv_673341485,1,0
cv_1042510018,1,0
cv_1017062815,1,0
cv_2103740706,1,0
cv_4075963905,1,0
cv_2779930939,1,0
cv_1981418038,1,0
cv_3018087184,2,0
cv_1075156822,1,0
cv_3948050211,1,0
cv_918484345,1,0
cv_3998479360,2,0
cv_2098598665,1,0
cv_2880222998,1,0
cv_3214782546,1,0
cv_581991844,1,0
cv_1715316532,1,0
cv_3735975206,1,0
cv_3207491813,1,0
cv_455955754,1,0
cv_3340385005,1,0
cv_813239044,1,0
cv_2343855785,1,0
cv_814001593,1,0
cv_4218010357,1,0
cv_3598104676,1,0
cv_3366625939,1,0
cv_1951406417,1,0
cv_3631019477,1,0
cv_3624143882,1,0
cv_1834765981,1,0
cv_4018024969,1,0
cv_1790778930,1,0
cv_3466781967,1,0
cv_916263520,1,0
cv_1488286495,1,0
cv_1389880831,1,0
cv_2899204136,1,0
cv_3872731191,1,0
cv_3372914190,1,0
cv_2162840265,1,0
cv_3680464816,1,0
cv_3979041486,1,0
cv_799191190,1,0
cv_1768698515,1,0
cv_3810406706,1,0
cv_3886798463,1,0
cv_2595440171,1,0
cv_2671607257,1,0
cv_1009867313,1,0
cv_1676708612,1,0
cv_3643942457,1,0
cv_3573990922,1,0
cv_2125894490,1,0
cv_3509115545,1,0
cv_2243607851,1,0
cv_3176390864,1,0
cv_1617796755,1,0
cv_787650108,1,0
cv_114955699,1,0
cv_133956762,1,0
cv_233163043,1,0
cv_4083233571,1,0
cv_1425515163,1,0
cv_3098699326,1,0
cv_2691428901,1,0
cv_1585710409,1,0
cv_718062599,1,0
cv_3082388966,1,0
cv_2899279927,1,0
cv_2641266466,1,0
cv_1442222141,1,0
cv_2853203824,1,0
cv_2337638059,1,0
cv_1247922181,1,0
cv_404248790,1,0
cv_3475718467,1,0
cv_2260190877,1,0
cv_4090992728,2,0
cv_1695725721,1,0
cv_1552713122,1,0
cv_2906317603,1,0
cv_2254835294,1,0
cv_338439381,1,0
cv_1610097593,1,0
cv_2956877873,1,0
cv_1605787775,1,0
cv_389529813,1,0
cv_2819049482,1,0
cv_3570540910,1,0
cv_3646930969,1,0
cv_1647817896,2,0
cv_101300759,1,0
cv_1723914738,1,0
cv_2109459425,1,0
cv_4127638940,1,0
cv_1795329543,1,0
cv_4072198340,1,0
cv_3582875792,1,0
cv_821057824,1,0
cv_731111588,1,0
cv_2981029933,1,0
cv_2588898023,1,0
cv_4220446493,1,0
cv_133389547,1,0
cv_2121278377,1,0
cv_606657481,1,0
cv_2208791226,1,0
cv_223311866,1,0
cv_1848337511,1,0
cv_1638621306,1,0
cv_4158668800,1,0
cv_3220777411,1,0
cv_3031659951,1,0
cv_1844516442,1,0
cv_2735096782,1,0
cv_2105086122,1,0
cv_2773127385,1,0
cv_2075813229,1,0
cv_745570067,1,0
cv_1775958428,1,0
cv_313988805,1,0
cv_1966297362,1,0
cv_1137865574,1,0
cv_599811931,1,0
cv_696922646,1,0
cv_2522676490,1,0
cv_3871821918,1,0
cv_2365161899,1,0
cv_1080911692,1,0
cv_3109906487,2,0
cv_3222220971,1,0
cv_1239766304,1,0
cv_2846407419,2,0
cv_3645584522,1,0
cv_1508363231,1,0
cv_3715642048,1,0
cv_1089744436,1,0
cv_3355957730,1,0
cv_4248800894,1,0
cv_3933797847,1,0
cv_3687509682,1,0
cv_1521755129,1,0
cv_2252190568,1,0
cv_490769699,1,0
cv_2317461426,1,0
cv_2387235448,1,0
cv_2049864574,1,0
cv_3370404949,1,0
cv_3950663325,1,0
cv_3099513699,1,0
cv_3195623538,1,0
cv_3220853059,1,0
cv_1986698652,1,0
cv_3311092454,1,0
cv_1648706520,1,0
cv_2509259291,1,0
cv_1604758021,1,0
cv_3306806113,2,0
cv_1505152513,1,0
cv_762229886,1,0
cv_2619856316,1,0
cv_89581913,1,0
cv_3338518353,1,0
cv_691764953,1,0
cv_4052561485,1,0
cv_848105808,1,0
cv_3284052632,1,0
cv_555722100,1,0
cv_1704431498,1,0
cv_4249975040,2,0
cv_966487251,1,0
cv_662747490,1,0
cv_3783906744,1,0
cv_2595668099,1,0
cv_3707497713,1,0
cv_1457281691,1,0
cv_708068880,1,0
cv_1539770343,1,0
cv_1805569613,1,0
cv_2289452787,1,0
cv_3883290570,1,0
cv_2995069557,1,0
cv_3072099835,1,0
cv_3439490577,1,0
cv_1489221809,1,0
cv_3721417481,1,0
cv_3798783571,2,0
cv_3891451102,1,0
cv_3143276893,1,0
cv_1381593036,2,0
cv_1617059155,1,0
cv_1619204915,1,0
cv_2392980736,1,0
cv_3185920896,1,0
cv_1495117269,1,0
cv_2958581683,1,0
cv_220350710,1,0
cv_1294816934,1,0
cv_4237053038,1,0
cv_3047441914,1,0
cv_4026351481,1,0
cv_3677568487,1,0
cv_2480838197,1,0
cv_1147840738,1,0
cv_3938068383,1,0
cv_4138764593,1,0
cv_2993918972,1,0
cv_3585549696,2,0
cv_1186661822,1,0
cv_1183029984,1,0
cv_3439721419,1,0
cv_780141078,1,0
cv_2208288795,1,0
cv_3812525343,1,0
cv_122899245,1,0
cv_845437762,1,0
cv_3139623268,1,0
cv_1140246510,1,0
cv_3700860651,1,0
cv_2875060906,1,0
cv_2343776959,1,0
cv_2091235134,1,0
cv_3929778513,1,0
cv_3869749468,1,0
cv_2933252653,1,0
cv_2412894857,1,0
cv_2463292743,1,0
cv_2911971382,1,0
cv_2642421865,1,0
cv_3596438256,1,0
cv_671215153,2,0
cv_1747347505,1,0
cv_1324473706,1,0
cv_613303430,1,0
cv_431463691,1,0
cv_3725824716,2,0
cv_3104826477,1,0
cv_1386329875,1,0
cv_3755007112,2,0
cv_1594117378,1,0
cv_836188540,1,0
cv_1903500991,1,0
cv_1082831071,1,0
cv_2053963962,1,0
cv_4193519782,1,0
cv_853846298,1,0
cv_981481600,1,0
cv_859343232,1,0
cv_2252404872,1,0
cv_741524716,1,0
cv_1252031392,1,0
cv_570878053,1,0
cv_3699192521,1,0
cv_346549560,1,0
cv_4264518482,1,0
cv_778614464,1,0
cv_3390705949,1,0
cv_938646075,1,0
cv_2612499542,1,0
cv_2059152486,1,0
cv_2485107629,2,0
cv_2238868035,1,0
cv_3575332661,1,0
cv_1446401766,1,0
cv_3283794753,1,0
cv_1022959594,1,0
cv_1928670695,1,0
cv_3373660360,1,0
cv_344559469,1,0
cv_1654682666,1,0
cv_1742258134,1,0
cv_467034846,1,0
cv_1004599088,1,0
cv_3392795210,1,0
cv_330977416,1,0
cv_2910256917,1,0
cv_4025964277,1,0
cv_360744290,1,0
cv_1120453501,1,0
cv_3059420903,1,0
cv_260296147,1,0
cv_2137750503,1,0
cv_2459845219,1,0
cv_658195530,1,0
cv_2420268479,1,0
cv_3846939296,1,0
cv_1108572577,1,0
cv_3582470469,1,0
cv_1395948219,1,0
cv_3985660996,2,0
cv_1376137294,1,0
cv_2379023895,1,0
cv_4246087277,1,0
cv_2869242626,1,0
cv_986212233,1,0
cv_241017131,1,0
cv_829080611,1,0
cv_2356427773,1,0
cv_2946987656,1,0
cv_1757223049,1,0
cv_2672645142,1,0
cv_2017151790,1,0
cv_1245088205,1,0
cv_481601533,1,0
cv_177586245,1,0
cv_3357388358,1,0
cv_409368367,1,0
cv_4155477821,1,0
cv_1056227296,1,0
cv_4015239719,1,0
cv_253587329,1,0
cv_1678392831,1,0
cv_663598372,1,0
cv_2177172153,1,0
cv_3803942658,1,0
cv_3426434871,1,0
cv_4037751237,1,0
cv_935381316,1,0
cv_2486392281,1,0
cv_2453285105,1,0
cv_1963729299,1,0
cv_2008284781,1,0
cv_3187795752,1,0
cv_2500229542,1,0
cv_2549038728,1,0
cv_3588199090,1,0
cv_4189124175,1,0
cv_2817550453,1,0
cv_3580293328,1,0
cv_2798708392,1,0
cv_4185284609,1,0
cv_1238696946,1,0
cv_1345711658,1,0
cv_3911080257,1,0
cv_2191175991,1,0
cv_4102140800,1,0
cv_1247328662,1,0
cv_1424335802,1,0
cv_1544809109,1,0
cv_2070972596,1,0
cv_3380148137,1,0
cv_3128306752,1,0
cv_3997010849,1,0
cv_1982531596,1,0
cv_3519733378,1,0
cv_2131095294,1,0
cv_3653055238,1,0
cv_3661345003,1,0
cv_893984946,1,0
cv_3371872787,1,0
cv_1033212990,1,0
cv_2193434082,1,0
cv_1725060171,1,0
cv_3593407337,1,0
cv_3886300467,1,0
cv_3658855125,1,0
cv_2860636231,1,0
cv_328933227,1,0
cv_2223664284,1,0
cv_3243746282,1,0
cv_1564844937,1,0
cv_3512416795,1,0
cv_635193643,1,0
cv_1199320416,1,0
cv_2670543467,1,0
cv_3820088397,1,0
cv_2993037837,1,0
cv_1598444676,1,0
cv_1310064271,1,0
cv_2225082535,1,0
cv_812146002,1,0
cv_3907429627,1,0
cv_1081102822,1,0
cv_1121505521,1,0
cv_3751251153,1,0
cv_3587862399,1,0
cv_1900927184,1,0
cv_4143776429,1,0
cv_1062657122,1,0
cv_2202243987,1,0
cv_4013875239,1,0
cv_3714929377,1,0
cv_2057352862,1,0
cv_998404177,1,0
cv_1218330247,1,0
cv_1486001766,1,0
cv_1651439359,1,0
cv_2467073318,1,0
cv_3691987866,1,0
cv_3251162846,1,0
cv_2802593868,1,0
cv_627612234,1,0
cv_3669075439,1,0
cv_4104991683,1,0
cv_4176039986,1,0
cv_2171039037,1,0
cv_2697519159,1,0
cv_2571347615,1,0
cv_1755129964,1,0
cv_1647110354,1,0
cv_570734085,1,0
cv_3685234668,1,0
cv_2732009605,1,0
cv_4191328807,1,0
cv_3925881868,1,0
cv_2458432947,1,0
cv_3363379625,1,0
cv_1321058695,1,0
cv_1093754048,1,0
cv_2734329085,1,0
cv_579989828,1,0
cv_1457821046,1,0
cv_3681937456,1,0
cv_2818603090,1,0
cv_575401213,1,0
cv_1391636708,1,0
cv_1035265406,1,0
cv_1763043784,1,0
cv_4135230727,1,0
cv_842487747,1,0
cv_1901463080,1,0
cv_3287046221,1,0
cv_2703456190,1,0
cv_482320903,1,0
cv_3512815046,1,0
cv_3278788350,1,0
cv_2377219861,1,0
cv_688537288,1,0
cv_3715996815,1,0
cv_3086188423,1,0
cv_1159166349,1,0
cv_3845538126,1,0
cv_4102209513,1,0
cv_3291333309,1,0
cv_3842922362,1,0
cv_3470383798,1,0
cv_725232268,1,0
cv_2943347352,1,0
